league_name,matchID,homeID,home_name,awayID,away_name,predictedTeam,winningTeam,betting_score,MCS,LTAS,normalized_LTAS,TTAS,normalized_TTAS,MCS_CW,LTAS_CW,TTAS_CW,Prob_Draw,Prob_Away_Win,Prob_Home_Win,odds_ft_1,odds_ft_x,odds_ft_2
albania_superliga,7526876_2024/2025,1380,Vllaznia Shkodër,62,Partizani Tirana,1380,-1,0.5387931034482758,0.4,0.6551724137931034,0.6551724137931034,60.0,0.6,0.37499999999999994,0.25,0.37499999999999994,0.25757575757575757,0.3424242424242424,0.4,2.4,2.9,2.8
albania_superliga,7526877_2024/2025,909634,AF Elbasani,970,Skënderbeu Korçë,909634,-1,0.5581112852664576,0.5515151515151515,0.6551724137931034,0.6551724137931034,50.0,0.5,0.37499999999999994,0.25,0.37499999999999994,0.39090909090909093,0.05757575757575757,0.5515151515151515,1.9,3.1,3.9
albania_superliga,7526880_2024/2025,1383,Tirana,1376,Laçi,-1,-1,0.4959306034482758,0.5,0.6551724137931034,0.6551724137931034,38.57,0.3857,0.37499999999999994,0.25,0.37499999999999994,0.5,0.09393939393939393,0.40606060606060607,0,0,0
czech_republic_first_league,7468176_2024/2025,2428,Slovan Liberec,2426,Slovácko,2426,-1,0.6902097902097901,0.49696969696969695,0.8153846153846154,0.8153846153846154,80.0,0.8,0.37499999999999994,0.25,0.37499999999999994,0.31818181818181823,0.49696969696969695,0.18484848484848487,1.79,3.2,3.45
czech_republic_first_league,7468177_2024/2025,2431,Sigma Olomouc,2430,Jablonec,2431,-1,0.6578234265734264,0.4606060606060606,0.8153846153846154,0.8153846153846154,75.0,0.75,0.37499999999999994,0.25,0.37499999999999994,0.2606060606060606,0.2787878787878788,0.4606060606060606,2.16,3.34,3.05
czech_republic_first_league,7468178_2024/2025,1213,Slavia Praha,2425,Dukla Praha,1213,-1,0.934527972027972,0.9484848484848485,0.8153846153846154,0.8153846153846154,100.0,1.0,0.37499999999999994,0.25,0.37499999999999994,0.045454545454545456,0.006060606060606061,0.9484848484848485,1.05,13.46,23.48
czech_republic_first_league,7468179_2024/2025,2436,Teplice,2434,Bohemians 1905,2434,-1,0.681131381118881,0.606060606060606,0.8153846153846154,0.8153846153846154,66.67,0.6667000000000001,0.37499999999999994,0.25,0.37499999999999994,0.28181818181818186,0.606060606060606,0.11212121212121212,2.16,3.13,2.65
czech_republic_first_league,7468180_2024/2025,2435,Mladá Boleslav,2424,Karviná,2424,-1,0.6038586538461538,0.4,0.8153846153846154,0.8153846153846154,66.67,0.6667000000000001,0.37499999999999994,0.25,0.37499999999999994,0.29393939393939394,0.4,0.30606060606060603,1.74,3.83,3.86
czech_republic_first_league,7468181_2024/2025,2449,Pardubice,2432,Baník Ostrava,2432,-1,0.6890609265734264,0.4606060606060606,0.8153846153846154,0.8153846153846154,83.33,0.8332999999999999,0.37499999999999994,0.25,0.37499999999999994,0.35151515151515156,0.4606060606060606,0.18787878787878787,4.16,3.62,1.73
czech_republic_first_league,7468182_2024/2025,77,Viktoria Plzeň,86,Sparta Praha,86,-1,0.6671984265734265,0.3606060606060606,0.8153846153846154,0.8153846153846154,87.5,0.875,0.37499999999999994,0.25,0.37499999999999994,0.3,0.3606060606060606,0.33939393939393936,2.74,3.43,2.31
czech_republic_first_league,7468183_2024/2025,2439,České Budějovice,2437,Hradec Králové,-1,-1,0.6627518356643356,0.3848484848484849,0.8153846153846154,0.8153846153846154,83.89,0.8389,0.37499999999999994,0.25,0.37499999999999994,0.3848484848484849,0.3242424242424242,0.2909090909090909,3.04,3.21,2.23
france_ligue_2,7468948_2024/2025,438,Metz,436,Guingamp,-1,-1,0.6810229295069337,0.3939393939393939,0.847457627118644,0.847457627118644,85.715,0.8571500000000001,0.37499999999999994,0.25,0.37499999999999994,0.3939393939393939,0.24242424242424243,0.36363636363636365,2.05,3.4,3.5
france_ligue_2,7468949_2024/2025,432,Caen,486,Troyes,432,-1,0.8175462249614791,0.6151515151515152,0.847457627118644,0.847457627118644,100.0,1.0,0.37499999999999994,0.25,0.37499999999999994,0.28181818181818186,0.10303030303030303,0.6151515151515152,1.78,3.2,3.93
france_ligue_2,7468950_2024/2025,490,Clermont,3874,Martigues,3874,-1,0.6152859976887519,0.40909090909090906,0.847457627118644,0.847457627118644,66.67,0.6667000000000001,0.37499999999999994,0.25,0.37499999999999994,0.28181818181818186,0.40909090909090906,0.3090909090909091,1.62,3.75,5.5
france_ligue_2,7468951_2024/2025,494,Paris,1398,Grenoble Foot 38,494,-1,0.8561825885978427,0.7181818181818183,0.847457627118644,0.847457627118644,100.0,1.0,0.37499999999999994,0.25,0.37499999999999994,0.19393939393939394,0.08787878787878788,0.7181818181818183,1.92,3.2,3.38
france_ligue_2,7468952_2024/2025,1402,Pau,481,Amiens SC,1402,-1,0.7399541795069338,0.693939393939394,0.847457627118644,0.847457627118644,71.43,0.7143,0.37499999999999994,0.25,0.37499999999999994,0.2818181818181818,0.024242424242424242,0.693939393939394,2.1,3.4,3.3
france_ligue_2,7468953_2024/2025,452,Ajaccio,437,Bastia,452,-1,0.7741859976887517,0.6424242424242423,0.847457627118644,0.847457627118644,85.71,0.8571,0.37499999999999994,0.25,0.37499999999999994,0.22424242424242424,0.13333333333333333,0.6424242424242423,2.29,2.93,2.84
france_ligue_2,7468954_2024/2025,1390,Dunkerque,485,Red Star,1390,-1,0.8720916795069336,0.7606060606060605,0.847457627118644,0.847457627118644,100.0,1.0,0.37499999999999994,0.25,0.37499999999999994,0.18484848484848485,0.05454545454545455,0.7606060606060605,2.05,3.5,3.4
france_ligue_2,7468955_2024/2025,3897,Annecy,487,Laval,3897,-1,0.718114406779661,0.6,0.847457627118644,0.847457627118644,75.0,0.75,0.37499999999999994,0.25,0.37499999999999994,0.2545454545454545,0.14545454545454545,0.6,2.25,3.3,3.1
france_ligue_2,7469319_2024/2025,1399,Rodez,448,Lorient,448,-1,0.8071405431432972,0.7303030303030302,0.847457627118644,0.847457627118644,85.71,0.8571,0.37499999999999994,0.25,0.37499999999999994,0.16666666666666669,0.7303030303030302,0.10303030303030303,3.4,3.6,2
latvia_virsliga,7364963_2024,7050,Grobiņa,63,Liepāja,63,-1,0.5732894480519479,0.3424242424242424,0.7410714285714286,0.7410714285714286,69.23,0.6923,0.37499999999999994,0.25,0.37499999999999994,0.3393939393939394,0.3424242424242424,0.31818181818181823,3.34,3.36,1.84
latvia_virsliga,7364964_2024,6910,Valmiera / BSS,722608,FS Jelgava,6910,-1,0.6256746753246752,0.5818181818181818,0.7410714285714286,0.7410714285714286,59.26,0.5926,0.37499999999999994,0.25,0.37499999999999994,0.3242424242424242,0.09393939393939393,0.5818181818181818,1.18,5.79,8.51
latvia_virsliga,7364965_2024,1091,BFC Daugavpils,7058,Auda,7058,-1,0.6315394480519481,0.47575757575757577,0.7410714285714286,0.7410714285714286,71.43,0.7143,0.37499999999999994,0.25,0.37499999999999994,0.2181818181818182,0.47575757575757577,0.30606060606060603,4.5,4.15,1.48
latvia_virsliga,7364966_2024,1089,Riga,7051,Tukums,1089,-1,0.7992235389610389,0.8515151515151516,0.7410714285714286,0.7410714285714286,78.57,0.7857,0.37499999999999994,0.25,0.37499999999999994,0.09393939393939393,0.05454545454545455,0.8515151515151516,1.1,6.87,9.59
latvia_virsliga,7364967_2024,1088,Metta - LU,1090,Rīgas FS,1090,-1,0.7881008116883116,0.7454545454545454,0.7410714285714286,0.7410714285714286,86.21,0.8621,0.37499999999999994,0.25,0.37499999999999994,0.13333333333333333,0.7454545454545454,0.12121212121212122,14,10,1.11
romania_liga_i,7486575_2024/2025,6622,CFR Cluj,6625,Sepsi,6622,-1,0.6238636363636363,0.4696969696969697,0.5909090909090909,0.5909090909090909,80.0,0.8,0.37499999999999994,0.25,0.37499999999999994,0.3393939393939394,0.19090909090909092,0.4696969696969697,1.78,3.6,4.2
romania_liga_i,7486579_2024/2025,6653,UTA Arad,669562,SCM Gloria Buzău,6653,-1,0.44517045454545456,0.4181818181818182,0.5909090909090909,0.5909090909090909,37.5,0.375,0.37499999999999994,0.25,0.37499999999999994,0.41515151515151516,0.16666666666666669,0.4181818181818182,1.69,3.08,4.08
romania_liga_i,7486583_2024/2025,6638,Hermannstadt,5400,Dinamo Bucureşti,6638,-1,0.6289772727272727,0.5333333333333333,0.5909090909090909,0.5909090909090909,75.0,0.75,0.37499999999999994,0.25,0.37499999999999994,0.3545454545454545,0.11212121212121212,0.5333333333333333,2.2,2.85,2.81
romania_liga_i,7486587_2024/2025,97,FCSB,13181,Rapid Bucureşti,97,-1,0.5261363636363636,0.40909090909090906,0.5909090909090909,0.5909090909090909,60.0,0.6,0.37499999999999994,0.25,0.37499999999999994,0.2727272727272727,0.31818181818181823,0.40909090909090906,2.12,2.82,2.99
romania_liga_i,7486591_2024/2025,10305,SSC Farul,12956,CS U Craiova,12956,-1,0.4992590909090908,0.38181818181818183,0.5909090909090909,0.5909090909090909,55.56,0.5556,0.37499999999999994,0.25,0.37499999999999994,0.31212121212121213,0.38181818181818183,0.30606060606060603,2.69,2.77,2.34
romania_liga_i,7486595_2024/2025,6621,Botoşani,10306,Universitatea Cluj,10306,-1,0.5386363636363636,0.44242424242424244,0.5909090909090909,0.5909090909090909,60.0,0.6,0.37499999999999994,0.25,0.37499999999999994,0.28787878787878785,0.44242424242424244,0.26969696969696966,2.99,2.82,2.12
romania_liga_i,7486601_2024/2025,10307,Petrolul 52,6619,CSM Iaşi,10307,-1,0.5118613636363636,0.5424242424242425,0.5909090909090909,0.5909090909090909,42.86,0.4286,0.37499999999999994,0.25,0.37499999999999994,0.3696969696969697,0.08787878787878789,0.5424242424242425,2.17,2.86,2.86
romania_liga_i,7486977_2024/2025,6633,Oţelul Galaţi,6670,Unirea Slobozia,6633,-1,0.4997159090909091,0.5636363636363637,0.5909090909090909,0.5909090909090909,37.5,0.375,0.37499999999999994,0.25,0.37499999999999994,0.2181818181818182,0.21818181818181817,0.5636363636363637,1.7,2.93,4.34
turkey_super_lig,7516371_2024/2025,357,Göztepe,185,Trabzonspor,357,-1,0.7450880961251862,0.6727272727272727,0.7213114754098361,0.7213114754098361,83.33,0.8332999999999999,0.37499999999999994,0.25,0.37499999999999994,0.23939393939393938,0.08787878787878789,0.6727272727272727,2.43,3.23,2.84
turkey_super_lig,7516372_2024/2025,355,Gazişehir Gaziantep,194,Konyaspor,194,-1,0.6661233233979135,0.5454545454545454,0.7213114754098361,0.7213114754098361,75.0,0.75,0.37499999999999994,0.25,0.37499999999999994,0.296969696969697,0.5454545454545454,0.15757575757575756,2.59,3.11,2.74
turkey_super_lig,7516373_2024/2025,187,Galatasaray,109,Beşiktaş,187,-1,0.7095892324888227,0.5363636363636364,0.7213114754098361,0.7213114754098361,87.5,0.875,0.37499999999999994,0.25,0.37499999999999994,0.24848484848484848,0.21515151515151515,0.5363636363636364,1.77,3.55,3.52
turkey_super_lig,7516374_2024/2025,196,İstanbul Başakşehir,10639,Eyüpspor,196,-1,0.7186449143070044,0.7212121212121212,0.7213114754098361,0.7213114754098361,71.43,0.7143,0.37499999999999994,0.25,0.37499999999999994,0.20606060606060606,0.07272727272727272,0.7212121212121212,1.84,3.42,3.4
turkey_super_lig,7516375_2024/2025,349,Adana Demirspor,202,Sivasspor,202,-1,0.7462369597615499,0.509090909090909,0.7213114754098361,0.7213114754098361,100.0,1.0,0.37499999999999994,0.25,0.37499999999999994,0.403030303030303,0.509090909090909,0.08787878787878789,3.11,3.57,2.17
turkey_super_lig,7516376_2024/2025,189,Alanyaspor,195,Antalyaspor,189,-1,0.5900574143070044,0.5212121212121212,0.7213114754098361,0.7213114754098361,57.14,0.5714,0.37499999999999994,0.25,0.37499999999999994,0.30606060606060603,0.17272727272727273,0.5212121212121212,1.86,3.61,3.84
turkey_super_lig,7516377_2024/2025,197,Kasımpaşa,350,Samsunspor,350,-1,0.6632949143070044,0.6212121212121212,0.7213114754098361,0.7213114754098361,66.67,0.6667000000000001,0.37499999999999994,0.25,0.37499999999999994,0.23939393939393938,0.6212121212121212,0.1393939393939394,2.61,3.19,2.66
turkey_super_lig,7516378_2024/2025,10059,Hatayspor,193,Kayserispor,193,-1,0.4047596870342772,0.3484848484848485,0.7213114754098361,0.7213114754098361,25.0,0.25,0.37499999999999994,0.25,0.37499999999999994,0.31212121212121213,0.3484848484848485,0.33939393939393936,2.13,3.59,3.17
turkey_super_lig,7516379_2024/2025,105,Fenerbahçe,10649,BB Bodrumspor,105,-1,0.7484971870342771,0.6818181818181819,0.7213114754098361,0.7213114754098361,83.33,0.8332999999999999,0.37499999999999994,0.25,0.37499999999999994,0.2,0.11818181818181817,0.6818181818181819,1.18,5.72,9.22
armenia_armenian_premier_league,7717716_2024/2025,1360,Artsakh,671668,Van,1360,-1,0.7538390663390664,0.6696969696969697,0.8108108108108109,0.8108108108108109,80.0,0.8,0.37499999999999994,0.25,0.37499999999999994,0.20303030303030303,0.1272727272727273,0.6696969696969697,1.47,3.97,5.55
armenia_armenian_premier_league,7717717_2024/2025,671667,West Armenia,884,Banants,884,-1,0.7720083845208844,0.6848484848484848,0.8108108108108109,0.8108108108108109,83.33,0.8332999999999999,0.37499999999999994,0.25,0.37499999999999994,0.22424242424242424,0.6848484848484848,0.09090909090909091,0,0,0
armenia_armenian_premier_league,7717718_2024/2025,883,Shirak,1362,FC Avan Academy,1362,-1,0.9038390663390663,0.8696969696969696,0.8108108108108109,0.8108108108108109,100.0,1.0,0.37499999999999994,0.25,0.37499999999999994,0.09393939393939393,0.8696969696969696,0.03636363636363636,0,0,0
armenia_armenian_premier_league,7717719_2024/2025,792998,Gandzasar,96,Alashkert,96,-1,0.5629299754299754,0.4606060606060606,0.8108108108108109,0.8108108108108109,50.0,0.5,0.37499999999999994,0.25,0.37499999999999994,0.4,0.4606060606060606,0.1393939393939394,0,0,0
armenia_armenian_premier_league,7717720_2024/2025,671669,BKMA,882,Pyunik,882,-1,0.7570697481572481,0.6212121212121212,0.8108108108108109,0.8108108108108109,85.71,0.8571,0.37499999999999994,0.25,0.37499999999999994,0.24545454545454548,0.6212121212121212,0.13333333333333333,0,0,0
denmark_superliga,7452327_2024/2025,2517,Brøndby,55,København,2517,-1,0.6255681818181817,0.4181818181818182,0.75,0.75,75.0,0.75,0.37499999999999994,0.25,0.37499999999999994,0.25757575757575757,0.3242424242424242,0.4181818181818182,2.45,3.5,2.75
denmark_superliga,7452328_2024/2025,955,Midtjylland,2516,AGF,955,-1,0.7838068181818181,0.7151515151515151,0.75,0.75,87.5,0.875,0.37499999999999994,0.25,0.37499999999999994,0.16666666666666666,0.11818181818181818,0.7151515151515151,2.15,3.6,3.1
denmark_superliga,7452329_2024/2025,2521,Randers,986,Nordsjælland,2521,-1,0.509090909090909,0.3575757575757576,0.75,0.75,50.0,0.5,0.37499999999999994,0.25,0.37499999999999994,0.35757575757575755,0.2848484848484848,0.3575757575757576,3.4,3.6,2.05
denmark_superliga,7452330_2024/2025,3647,Vejle,2525,Lyngby,-1,-1,0.6139556818181817,0.3515151515151515,0.75,0.75,78.57,0.7857,0.37499999999999994,0.25,0.37499999999999994,0.3515151515151515,0.3393939393939394,0.3090909090909091,2.45,3.4,2.88
denmark_superliga,7452331_2024/2025,2526,Viborg,2519,SønderjyskE,2526,-1,0.699431818181818,0.6151515151515151,0.75,0.75,75.0,0.75,0.37499999999999994,0.25,0.37499999999999994,0.26666666666666666,0.1181818181818182,0.6151515151515151,1.85,3.9,3.7
england_premier_league,7466760_2024/2025,209,Brighton & Hove Albion,223,Wolverhampton Wanderers,209,-1,0.6763636363636363,0.696969696969697,0.76,0.76,60.0,0.6,0.37499999999999994,0.25,0.37499999999999994,0.24848484848484848,0.05454545454545455,0.696969696969697,1.49,4.23,5.16
england_premier_league,7466766_2024/2025,153,West Ham United,149,Manchester United,149,-1,0.7093181818181817,0.5848484848484848,0.76,0.76,80.0,0.8,0.37499999999999994,0.25,0.37499999999999994,0.23939393939393938,0.5848484848484848,0.17575757575757575,2.8,3.75,2.3
england_premier_league,7466762_2024/2025,143,Crystal Palace,92,Tottenham Hotspur,92,-1,0.7809090909090908,0.5757575757575757,0.76,0.76,100.0,1.0,0.37499999999999994,0.25,0.37499999999999994,0.2818181818181818,0.5757575757575757,0.14242424242424243,3.16,3.44,2.03
england_premier_league,7466761_2024/2025,152,Chelsea,157,Newcastle United,152,-1,0.605340909090909,0.35757575757575755,0.76,0.76,75.0,0.75,0.37499999999999994,0.25,0.37499999999999994,0.3090909090909091,0.33333333333333337,0.35757575757575755,1.85,3.82,3.35
england_premier_league,7466758_2024/2025,158,Aston Villa,148,AFC Bournemouth,158,-1,0.6922727272727272,0.5393939393939394,0.76,0.76,80.0,0.8,0.37499999999999994,0.25,0.37499999999999994,0.3151515151515151,0.14545454545454545,0.5393939393939394,1.62,3.8,4.54
england_premier_league,7466759_2024/2025,218,Brentford,220,Ipswich Town,218,-1,0.7898215909090909,0.7424242424242424,0.76,0.76,85.71,0.8571,0.37499999999999994,0.25,0.37499999999999994,0.20606060606060606,0.051515151515151514,0.7424242424242424,1.53,4.26,4.72
england_premier_league,7466763_2024/2025,144,Everton,162,Fulham,-1,-1,0.6661363636363635,0.3696969696969697,0.76,0.76,90.0,0.9,0.37499999999999994,0.25,0.37499999999999994,0.3696969696969697,0.35454545454545455,0.27575757575757576,2.41,3.26,2.65
england_premier_league,7466765_2024/2025,93,Manchester City,146,Southampton,93,-1,0.7036488636363636,0.7030303030303031,0.76,0.76,66.67,0.6667000000000001,0.37499999999999994,0.25,0.37499999999999994,0.26666666666666666,0.030303030303030304,0.7030303030303031,1.08,7.65,21.77
england_premier_league,7466757_2024/2025,59,Arsenal,151,Liverpool,-1,-1,0.6161301136363635,0.4696969696969697,0.76,0.76,66.66499999999999,0.66665,0.37499999999999994,0.25,0.37499999999999994,0.4696969696969697,0.296969696969697,0.23333333333333334,1.93,3.43,3.43
england_premier_league,7466764_2024/2025,108,Leicester City,211,Nottingham Forest,211,-1,0.59,0.5666666666666667,0.76,0.76,50.0,0.5,0.37499999999999994,0.25,0.37499999999999994,0.22424242424242424,0.5666666666666667,0.2090909090909091,2.41,3.34,2.59
germany_2_bundesliga,7491571_2024/2025,41,Köln,53,Paderborn,-1,-1,0.5642045454545455,0.3696969696969697,0.7272727272727273,0.7272727272727273,65.0,0.65,0.37499999999999994,0.25,0.37499999999999994,0.3696969696969697,0.28181818181818186,0.3484848484848485,1.75,4,4
germany_2_bundesliga,7491572_2024/2025,48,Darmstadt 98,6810,Ulm,6810,-1,0.5860443181818182,0.36363636363636365,0.7272727272727273,0.7272727272727273,71.43,0.7143,0.37499999999999994,0.25,0.37499999999999994,0.3545454545454545,0.36363636363636365,0.28181818181818186,1.82,3.91,3.77
germany_2_bundesliga,7491573_2024/2025,545,Fortuna Düsseldorf,542,Kaiserslautern,542,-1,0.560865909090909,0.4393939393939394,0.7272727272727273,0.7272727272727273,57.14,0.5714,0.37499999999999994,0.25,0.37499999999999994,0.2545454545454545,0.4393939393939394,0.30606060606060603,1.8,3.81,3.95
germany_2_bundesliga,7491574_2024/2025,547,Karlsruher SC,47,Hertha BSC,547,-1,0.6375124999999999,0.5484848484848485,0.7272727272727273,0.7272727272727273,66.67,0.6667000000000001,0.37499999999999994,0.25,0.37499999999999994,0.28181818181818186,0.16969696969696968,0.5484848484848485,2.05,4,3
germany_2_bundesliga,7491575_2024/2025,35,Schalke 04,544,Greuther Fürth,544,-1,0.5897727272727272,0.4878787878787879,0.7272727272727273,0.7272727272727273,60.0,0.6,0.37499999999999994,0.25,0.37499999999999994,0.26969696969696966,0.4878787878787879,0.24242424242424243,2,3.6,3.4
germany_2_bundesliga,7491576_2024/2025,6326,Elversberg,36,Hamburger SV,-1,-1,0.5714375,0.3484848484848485,0.7272727272727273,0.7272727272727273,69.05000000000001,0.6905000000000001,0.37499999999999994,0.25,0.37499999999999994,0.3484848484848485,0.33636363636363636,0.3151515151515152,3.4,3.75,1.95
germany_2_bundesliga,7491577_2024/2025,127,Nürnberg,563,Jahn Regensburg,127,-1,0.7204420454545454,0.603030303030303,0.7272727272727273,0.7272727272727273,83.33,0.8332999999999999,0.37499999999999994,0.25,0.37499999999999994,0.3484848484848485,0.048484848484848485,0.603030303030303,1.83,3.75,4
germany_2_bundesliga,7491578_2024/2025,558,Magdeburg,52,Hannover 96,-1,-1,0.634090909090909,0.40606060606060607,0.7272727272727273,0.7272727272727273,80.0,0.8,0.37499999999999994,0.25,0.37499999999999994,0.40606060606060607,0.19696969696969696,0.396969696969697,2.68,3.49,2.46
germany_2_bundesliga,7491579_2024/2025,128,Eintracht Braunschweig,556,Preußen Münster,-1,-1,0.6460164772727272,0.4212121212121212,0.7272727272727273,0.7272727272727273,81.66499999999999,0.8166499999999999,0.37499999999999994,0.25,0.37499999999999994,0.4212121212121212,0.17575757575757575,0.403030303030303,2.06,3.63,3.26
moldova_moldovan_national_division,7515092_2024/2025,677066,Floreşti,964,Milsami,964,-1,0.6953598484848484,0.7181818181818183,0.7666666666666667,0.7666666666666667,62.5,0.625,0.37499999999999994,0.25,0.37499999999999994,0.16363636363636364,0.7181818181818183,0.1181818181818182,0,0,0
moldova_moldovan_national_division,7515093_2024/2025,60,Sheriff,7706,Zimbru,60,-1,0.7240530303030301,0.6696969696969697,0.7666666666666667,0.7666666666666667,75.0,0.75,0.37499999999999994,0.25,0.37499999999999994,0.20303030303030303,0.12727272727272726,0.6696969696969697,0,0,0
moldova_moldovan_national_division,7515094_2024/2025,677073,Dacia-Buiucani,9976,Petrocub,9976,-1,0.608392803030303,0.396969696969697,0.7666666666666667,0.7666666666666667,71.43,0.7143,0.37499999999999994,0.25,0.37499999999999994,0.3606060606060606,0.396969696969697,0.24242424242424243,0,0,0
moldova_moldovan_national_division,7515095_2024/2025,677068,Spartanii Selemet,686262,CSF Bălți,686262,-1,0.5454712121212121,0.3878787878787879,0.7666666666666667,0.7666666666666667,55.56,0.5556,0.37499999999999994,0.25,0.37499999999999994,0.3181818181818182,0.3878787878787879,0.29393939393939394,1.85,3.4,3.6
scotland_premiership,7480186_2024/2025,25,Aberdeen,1018,Dundee United,25,-1,0.8320924764890281,0.6212121212121212,0.896551724137931,0.896551724137931,100.0,1.0,0.37499999999999994,0.25,0.37499999999999994,0.22424242424242424,0.15454545454545454,0.6212121212121212,1.57,3.58,4.69
scotland_premiership,7480187_2024/2025,28,Dundee,29,St. Johnstone,29,-1,0.7320924764890282,0.35454545454545455,0.896551724137931,0.896551724137931,100.0,1.0,0.37499999999999994,0.25,0.37499999999999994,0.3090909090909091,0.35454545454545455,0.33636363636363636,1.7,3.55,3.87
scotland_premiership,7480188_2024/2025,1017,Hibernian,32,Hearts,-1,-1,0.72641065830721,0.4393939393939394,0.896551724137931,0.896551724137931,90.0,0.9,0.37499999999999994,0.25,0.37499999999999994,0.4393939393939394,0.21515151515151515,0.34545454545454546,2.4,3.15,2.52
scotland_premiership,7480189_2024/2025,30,Motherwell,23,Celtic,23,-1,0.8582288401253917,0.6909090909090909,0.896551724137931,0.896551724137931,100.0,1.0,0.37499999999999994,0.25,0.37499999999999994,0.18787878787878787,0.6909090909090909,0.12121212121212122,7.27,5.7,1.22
scotland_premiership,7480190_2024/2025,24,Rangers,1019,St. Mirren,24,-1,0.9616379310344827,0.9666666666666666,0.896551724137931,0.896551724137931,100.0,1.0,0.37499999999999994,0.25,0.37499999999999994,0.030303030303030304,0.0030303030303030303,0.9666666666666666,1.16,5.55,11.49
scotland_premiership,7480191_2024/2025,31,Ross County,21,Kilmarnock,21,-1,0.5480015673981191,0.36363636363636365,0.896551724137931,0.896551724137931,50.0,0.5,0.37499999999999994,0.25,0.37499999999999994,0.3606060606060606,0.36363636363636365,0.27575757575757576,2.76,3.25,2.17
ukraine_ukrainian_premier_league,7485255_2024/2025,1697,Inhulets,1682,Oleksandria,1682,-1,0.697437987012987,0.593939393939394,0.7321428571428571,0.7321428571428571,77.78,0.7778,0.37499999999999994,0.25,0.37499999999999994,0.3606060606060606,0.593939393939394,0.045454545454545456,0,0,0
ukraine_ukrainian_premier_league,7485256_2024/2025,123,Dynamo Kyiv,80,Shakhtar Donetsk,123,-1,0.6782061688311687,0.44545454545454544,0.7321428571428571,0.7321428571428571,87.5,0.875,0.37499999999999994,0.25,0.37499999999999994,0.2515151515151515,0.30303030303030304,0.44545454545454544,2.36,3.13,2.24
ukraine_ukrainian_premier_league,7485258_2024/2025,1701,Rukh Vynnyky,1674,Chornomorets,1701,-1,0.6859470779220779,0.7696969696969697,0.7321428571428571,0.7321428571428571,57.14,0.5714,0.37499999999999994,0.25,0.37499999999999994,0.18484848484848485,0.045454545454545456,0.7696969696969697,1.7,3.5,4.5
ukraine_ukrainian_premier_league,7485259_2024/2025,1718,Polessya,1699,Kolos Kovalivka,1718,-1,0.6924107142857142,0.7333333333333334,0.7321428571428571,0.7321428571428571,62.5,0.625,0.37499999999999994,0.25,0.37499999999999994,0.22424242424242424,0.04242424242424242,0.7333333333333334,1.53,3.75,6.5
ukraine_ukrainian_premier_league,7485260_2024/2025,1707,Hirnyk,703686,LNZ Cherkasy,1707,-1,0.6659777597402596,0.4545454545454546,0.7321428571428571,0.7321428571428571,83.33,0.8332999999999999,0.37499999999999994,0.25,0.37499999999999994,0.3878787878787879,0.1575757575757576,0.4545454545454546,2.2,3.2,3.1
ukraine_ukrainian_premier_league,7485262_2024/2025,703687,Livyi Bereh,1681,Zorya,1681,-1,0.7705357142857141,0.5666666666666667,0.7321428571428571,0.7321428571428571,100.0,1.0,0.37499999999999994,0.25,0.37499999999999994,0.26666666666666666,0.5666666666666667,0.16666666666666666,2.88,2.77,2.07
ukraine_ukrainian_premier_league,7485263_2024/2025,1680,Karpaty,1700,Obolon-Brovar,1680,-1,0.677366396103896,0.6515151515151516,0.7321428571428571,0.7321428571428571,66.67,0.6667000000000001,0.37499999999999994,0.25,0.37499999999999994,0.24242424242424243,0.10606060606060606,0.6515151515151516,1.6,3.33,4.07
ukraine_ukrainian_premier_league,7485265_2024/2025,10063,Veres Rivne,1678,Vorskla,-1,-1,0.6569056006493506,0.4303030303030303,0.7321428571428571,0.7321428571428571,83.33500000000001,0.83335,0.37499999999999994,0.25,0.37499999999999994,0.4303030303030303,0.26666666666666666,0.303030303030303,2.35,2.97,2.34
austria_bundesliga,7482729_2024/2025,595,LASK Linz,582,Sturm Graz,582,-1,0.6426136363636363,0.4636363636363636,0.75,0.75,75.0,0.75,0.37499999999999994,0.25,0.37499999999999994,0.33939393939393936,0.4636363636363636,0.19696969696969696,2.91,3.36,2.05
austria_bundesliga,7482730_2024/2025,581,Wolfsberger AC,100,Salzburg,-1,-1,0.6186670454545453,0.3878787878787879,0.75,0.75,76.19,0.7619,0.37499999999999994,0.25,0.37499999999999994,0.3878787878787879,0.3515151515151515,0.2606060606060606,4.59,3.99,1.51
austria_bundesliga,7482731_2024/2025,579,Austria Wien,591,Wattens,579,-1,0.7087715909090908,0.6757575757575758,0.75,0.75,71.43,0.7143,0.37499999999999994,0.25,0.37499999999999994,0.2303030303030303,0.09393939393939393,0.6757575757575758,1.58,3.88,4.15
austria_bundesliga,7482732_2024/2025,577,Rheindorf Altach,598,Austria Klagenfurt,598,-1,0.7062499999999998,0.6333333333333333,0.75,0.75,75.0,0.75,0.37499999999999994,0.25,0.37499999999999994,0.26666666666666666,0.6333333333333333,0.1,2.09,3.26,2.9
austria_bundesliga,7482733_2024/2025,3410,Grazer AK,583,Rapid Wien,583,-1,0.7193181818181817,0.6181818181818182,0.75,0.75,80.0,0.8,0.37499999999999994,0.25,0.37499999999999994,0.2181818181818182,0.6181818181818182,0.16363636363636364,4.37,3.7,1.58
austria_bundesliga,7482734_2024/2025,599,Hartberg,593,Blau-Weiß Linz,599,-1,0.5801840909090908,0.47575757575757577,0.75,0.75,57.14,0.5714,0.37499999999999994,0.25,0.37499999999999994,0.3939393939393939,0.1303030303030303,0.47575757575757577,2,3.37,3
estonia_meistriliiga,7325298_2024,88,Tallinna FC Flora,1645,Kuressaare,88,-1,0.7252414141414141,0.8303030303030303,0.7111111111111111,0.7111111111111111,62.96,0.6296,0.37499999999999994,0.25,0.37499999999999994,0.1303030303030303,0.0393939393939394,0.8303030303030303,1.3,5.5,8
estonia_meistriliiga,7325299_2024,1638,Trans,1640,Vaprus,1638,-1,0.5386391414141414,0.3696969696969697,0.7111111111111111,0.7111111111111111,59.26,0.5926,0.37499999999999994,0.25,0.37499999999999994,0.2909090909090909,0.33939393939393936,0.3696969696969697,2.15,3.8,2.63
estonia_meistriliiga,7325300_2024,1644,Tallinna Kalev,7034,Nõmme United,1644,-1,0.6780743686868687,0.5424242424242424,0.7111111111111111,0.7111111111111111,79.17,0.7917000000000001,0.37499999999999994,0.25,0.37499999999999994,0.3181818181818182,0.1393939393939394,0.5424242424242424,1.56,3.14,4.8
estonia_meistriliiga,7325301_2024,1635,Paide,1636,Tammeka,1635,-1,0.6556186868686869,0.5242424242424242,0.7111111111111111,0.7111111111111111,75.0,0.75,0.37499999999999994,0.25,0.37499999999999994,0.3606060606060606,0.11515151515151514,0.5242424242424242,1.54,3.24,4.69
estonia_meistriliiga,7325302_2024,988,Nõmme Kalju,965,Tallinna FC Levadia,965,-1,0.7115539141414141,0.6303030303030304,0.7111111111111111,0.7111111111111111,79.31,0.7931,0.37499999999999994,0.25,0.37499999999999994,0.19393939393939394,0.6303030303030304,0.17575757575757575,2.4,3.6,2.4
germany_bundesliga,7491877_2024/2025,51,Stuttgart,566,Holstein Kiel,51,-1,0.6370265151515151,0.5848484848484848,0.7708333333333334,0.7708333333333334,60.0,0.6,0.37499999999999994,0.25,0.37499999999999994,0.29393939393939394,0.12121212121212122,0.5848484848484848,1.31,4.73,7.99
germany_bundesliga,7491878_2024/2025,46,RB Leipzig,42,Freiburg,46,-1,0.618857196969697,0.4696969696969697,0.7708333333333334,0.7708333333333334,66.67,0.6667000000000001,0.37499999999999994,0.25,0.37499999999999994,0.24242424242424243,0.28787878787878785,0.4696969696969697,1.5,4.13,5.23
germany_bundesliga,7491879_2024/2025,552,Heidenheim,49,Hoffenheim,552,-1,0.7108901515151514,0.38181818181818183,0.7708333333333334,0.7708333333333334,100.0,1.0,0.37499999999999994,0.25,0.37499999999999994,0.37575757575757573,0.24242424242424243,0.38181818181818183,2.18,3.37,2.89
germany_bundesliga,7491880_2024/2025,37,Werder Bremen,40,Bayer Leverkusen,40,-1,0.6847537878787878,0.7121212121212122,0.7708333333333334,0.7708333333333334,60.0,0.6,0.37499999999999994,0.25,0.37499999999999994,0.16666666666666669,0.7121212121212122,0.12121212121212122,4.53,4.73,1.5
germany_bundesliga,7491881_2024/2025,50,Augsburg,33,Borussia Dortmund,50,-1,0.7256628787878787,0.4212121212121212,0.7708333333333334,0.7708333333333334,100.0,1.0,0.37499999999999994,0.25,0.37499999999999994,0.31212121212121213,0.26666666666666666,0.4212121212121212,3.48,3.85,1.81
germany_bundesliga,7491882_2024/2025,34,Mainz 05,39,Borussia M'gladbach,39,-1,0.7858901515151515,0.5818181818181818,0.7708333333333334,0.7708333333333334,100.0,1.0,0.37499999999999994,0.25,0.37499999999999994,0.24545454545454545,0.5818181818181818,0.17272727272727273,2.3,3.75,3
germany_bundesliga,7491883_2024/2025,541,Union Berlin,44,Eintracht Frankfurt,541,-1,0.7273674242424242,0.6757575757575758,0.7708333333333334,0.7708333333333334,75.0,0.75,0.37499999999999994,0.25,0.37499999999999994,0.203030303030303,0.12121212121212122,0.6757575757575758,2.52,3.25,2.53
germany_bundesliga,7491884_2024/2025,540,Bochum,38,Bayern München,38,-1,0.765448106060606,0.8606060606060606,0.7708333333333334,0.7708333333333334,66.67,0.6667000000000001,0.37499999999999994,0.25,0.37499999999999994,0.10606060606060606,0.8606060606060606,0.03333333333333333,7.47,6.07,1.25
germany_bundesliga,7491885_2024/2025,548,St. Pauli,43,Wolfsburg,43,-1,0.6211174242424242,0.6424242424242425,0.7708333333333334,0.7708333333333334,50.0,0.5,0.37499999999999994,0.25,0.37499999999999994,0.24545454545454545,0.6424242424242425,0.11212121212121212,2.55,3.38,2.43
serbia_superliga,7453778_2024/2025,1942,Radnički Kragujevac,673425,Jedinstvo Ub,1942,-1,0.7748215909090908,0.6757575757575758,0.8,0.8,85.71,0.8571,0.37499999999999994,0.25,0.37499999999999994,0.2545454545454545,0.0696969696969697,0.6757575757575758,1.34,4.37,7.34
serbia_superliga,7453779_2024/2025,1932,Napredak,1950,Bačka Topola,1950,-1,0.7406249999999999,0.5666666666666667,0.8,0.8,87.5,0.875,0.37499999999999994,0.25,0.37499999999999994,0.2545454545454545,0.5666666666666667,0.17878787878787877,5,3.8,1.62
serbia_superliga,7453780_2024/2025,957,Partizan,1937,Čukarički,957,-1,0.6022852272727273,0.40606060606060607,0.8,0.8,66.67,0.6667000000000001,0.37499999999999994,0.25,0.37499999999999994,0.4,0.19393939393939394,0.40606060606060607,1.62,3.67,4.14
serbia_superliga,7453781_2024/2025,673437,Železničar Pančevo,1939,Novi Pazar,673437,-1,0.7772727272727271,0.5393939393939394,0.8,0.8,100.0,1.0,0.37499999999999994,0.25,0.37499999999999994,0.3181818181818182,0.14242424242424243,0.5393939393939394,2.04,3.36,2.93
serbia_superliga,7453782_2024/2025,673397,IMT Novi Beograd,704721,Tekstilac Odžaci,-1,-1,0.6686607954545454,0.42121212121212126,0.8,0.8,82.85499999999999,0.8285499999999999,0.37499999999999994,0.25,0.37499999999999994,0.42121212121212126,0.2,0.3787878787878788,1.57,3.7,5
serbia_superliga,7453783_2024/2025,1935,Radnički Niš,13002,Mladost Lučani,1935,-1,0.75,0.4666666666666667,0.8,0.8,100.0,1.0,0.37499999999999994,0.25,0.37499999999999994,0.26969696969696966,0.26363636363636367,0.4666666666666667,2,3.8,3.25
serbia_superliga,7453784_2024/2025,1934,Spartak Subotica,70,Red Star Belgrade,70,-1,0.8363636363636363,0.696969696969697,0.8,0.8,100.0,1.0,0.37499999999999994,0.25,0.37499999999999994,0.23636363636363636,0.696969696969697,0.06666666666666667,11.42,7.49,1.1
serbia_superliga,7453785_2024/2025,1933,Vojvodina,1941,OFK Beograd,1941,-1,0.6883170454545454,0.5878787878787879,0.8,0.8,71.43,0.7143,0.37499999999999994,0.25,0.37499999999999994,0.2909090909090909,0.5878787878787879,0.12121212121212122,1.76,3.56,3.56
azerbaijan_premyer_liqasi,7553703_2024/2025,75,Qarabağ,911,İnter Bakı,75,-1,0.804694264069264,0.7787878787878788,0.7380952380952381,0.7380952380952381,87.5,0.875,0.37499999999999994,0.25,0.37499999999999994,0.12424242424242424,0.09696969696969697,0.7787878787878788,1.18,6.25,12
azerbaijan_premyer_liqasi,7553704_2024/2025,918,Araz,910,Zira,-1,-1,0.6246988095238095,0.4,0.7380952380952381,0.7380952380952381,77.38,0.7737999999999999,0.37499999999999994,0.25,0.37499999999999994,0.4,0.21818181818181817,0.38181818181818183,3,3.2,2.15
azerbaijan_premyer_liqasi,7553705_2024/2025,3041,Sabah,913,Neftçi,3041,-1,0.6072635822510822,0.4606060606060606,0.7380952380952381,0.7380952380952381,66.67,0.6667000000000001,0.37499999999999994,0.25,0.37499999999999994,0.3787878787878788,0.16060606060606059,0.4606060606060606,1.9,3.4,3.3
azerbaijan_premyer_liqasi,7553706_2024/2025,1057,Sabail FK,912,Sumqayıt,1057,-1,0.7769522186147185,0.6909090909090909,0.7380952380952381,0.7380952380952381,88.89,0.8889,0.37499999999999994,0.25,0.37499999999999994,0.2212121212121212,0.08787878787878789,0.6909090909090909,2.5,3.2,2.55
greece_super_league,7537344_2024/2025,1107,Asteras Tripolis,116,Olympiakos Piraeus,116,-1,0.6924807875264269,0.7303030303030302,0.6744186046511628,0.6744186046511628,66.67,0.6667000000000001,0.37499999999999994,0.25,0.37499999999999994,0.22424242424242424,0.7303030303030302,0.045454545454545456,6.47,3.79,1.33
greece_super_league,7537345_2024/2025,5132,Kallithea,1109,Atromitos,1109,-1,0.6935921511627906,0.5666666666666667,0.6744186046511628,0.6744186046511628,83.33,0.8332999999999999,0.37499999999999994,0.25,0.37499999999999994,0.2636363636363636,0.5666666666666667,0.1696969696969697,2.74,2.89,2.18
greece_super_league,7537346_2024/2025,1108,Levadiakos,1104,Lamia,1104,-1,0.5617864693446089,0.5484848484848486,0.6744186046511628,0.6744186046511628,50.0,0.5,0.37499999999999994,0.25,0.37499999999999994,0.2545454545454545,0.5484848484848486,0.19696969696969696,2.07,2.89,2.93
greece_super_league,7537347_2024/2025,960,Panathinaikos,5131,Aris,5131,-1,0.6231376057082452,0.3787878787878788,0.6744186046511628,0.6744186046511628,83.33,0.8332999999999999,0.37499999999999994,0.25,0.37499999999999994,0.3151515151515152,0.3787878787878788,0.30606060606060603,1.54,3.29,4.6
greece_super_league,7537348_2024/2025,1103,Panaitolikos,5199,Volos NFC,5199,-1,0.7140591966173361,0.4545454545454546,0.6744186046511628,0.6744186046511628,100.0,1.0,0.37499999999999994,0.25,0.37499999999999994,0.28787878787878785,0.4545454545454546,0.25757575757575757,1.93,2.91,3.24
greece_super_league,7537349_2024/2025,5138,Panserraikos,1101,AEK Athens,1101,-1,0.667480787526427,0.6636363636363636,0.6744186046511628,0.6744186046511628,66.67,0.6667000000000001,0.37499999999999994,0.25,0.37499999999999994,0.22121212121212122,0.6636363636363636,0.11515151515151514,7.83,4.06,1.26
greece_super_league,7537350_2024/2025,106,PAOK,5130,OFI,5130,-1,0.5413319238900633,0.3939393939393939,0.6744186046511628,0.6744186046511628,60.0,0.6,0.37499999999999994,0.25,0.37499999999999994,0.27575757575757576,0.3939393939393939,0.3303030303030303,1.27,5.5,11
netherlands_eredivisie,7466134_2024/2025,393,Almere City,379,NEC,379,-1,0.6499999999999999,0.4,0.8,0.8,80.0,0.8,0.37499999999999994,0.25,0.37499999999999994,0.35757575757575755,0.4,0.24242424242424243,3.25,3.45,2.18
netherlands_eredivisie,7466135_2024/2025,387,Fortuna Sittard,372,Groningen,387,-1,0.7272727272727273,0.40606060606060607,0.8,0.8,100.0,1.0,0.37499999999999994,0.25,0.37499999999999994,0.35454545454545455,0.23939393939393938,0.40606060606060607,2.42,3.46,2.51
netherlands_eredivisie,7466136_2024/2025,385,NAC Breda,386,RKC Waalwijk,385,-1,0.843181818181818,0.7151515151515151,0.8,0.8,100.0,1.0,0.37499999999999994,0.25,0.37499999999999994,0.2545454545454545,0.030303030303030304,0.7151515151515151,1.94,3.83,3.08
netherlands_eredivisie,7466137_2024/2025,121,PSV,380,PEC Zwolle,121,-1,0.925,0.9333333333333333,0.8,0.8,100.0,1.0,0.37499999999999994,0.25,0.37499999999999994,0.05757575757575757,0.00909090909090909,0.9333333333333333,1.1,8.34,14.81
netherlands_eredivisie,7466138_2024/2025,373,Heerenveen,371,Sparta Rotterdam,373,-1,0.6232954545454545,0.3787878787878788,0.8,0.8,75.0,0.75,0.37499999999999994,0.25,0.37499999999999994,0.2787878787878788,0.3424242424242424,0.3787878787878788,2.52,3.28,2.52
netherlands_eredivisie,7466139_2024/2025,376,Utrecht,367,Feyenoord,376,-1,0.7236852272727272,0.5393939393939393,0.8,0.8,85.71,0.8571,0.37499999999999994,0.25,0.37499999999999994,0.2727272727272727,0.18787878787878787,0.5393939393939393,4,3.91,1.68
netherlands_eredivisie,7466140_2024/2025,378,AZ,366,Go Ahead Eagles,366,-1,0.7113636363636363,0.36363636363636365,0.8,0.8,100.0,1.0,0.37499999999999994,0.25,0.37499999999999994,0.2909090909090909,0.36363636363636365,0.34545454545454546,1.41,4.36,6.13
netherlands_eredivisie,7466141_2024/2025,375,Twente,370,Heracles,375,-1,0.6928625,0.6000000000000001,0.8,0.8,71.43,0.7143,0.37499999999999994,0.25,0.37499999999999994,0.28181818181818186,0.11818181818181818,0.6000000000000001,1.26,5.57,7.85
netherlands_eredivisie,7466142_2024/2025,120,Ajax,381,Willem II,120,-1,0.9204545454545454,0.9212121212121213,0.8,0.8,100.0,1.0,0.37499999999999994,0.25,0.37499999999999994,0.051515151515151514,0.027272727272727275,0.9212121212121213,1.3,5.09,7.36
slovakia_super_lig,7580394_2024/2025,982,Slovan Bratislava,2029,Komárno,982,-1,0.8174315268065266,0.8090909090909091,0.7435897435897436,0.7435897435897436,87.5,0.875,0.37499999999999994,0.25,0.37499999999999994,0.16363636363636364,0.02727272727272727,0.8090909090909091,0,0,0
slovakia_super_lig,7580395_2024/2025,2008,Zemplín Michalovce,2004,Skalica,2004,-1,0.6665792540792541,0.4818181818181818,0.7435897435897436,0.7435897435897436,80.0,0.8,0.37499999999999994,0.25,0.37499999999999994,0.3666666666666667,0.4818181818181818,0.1515151515151515,2.24,3.29,2.87
slovakia_super_lig,7580396_2024/2025,10052,Dukla Banská Bystrica,2011,Ružomberok,2011,-1,0.6120462995337995,0.4696969696969697,0.7435897435897436,0.7435897435897436,66.67,0.6667000000000001,0.37499999999999994,0.25,0.37499999999999994,0.30606060606060603,0.4696969696969697,0.22424242424242424,2.21,3.3,2.91
slovakia_super_lig,7580397_2024/2025,110,Trenčín,2010,Spartak Trnava,2010,-1,0.558229254079254,0.5484848484848485,0.7435897435897436,0.7435897435897436,44.44,0.44439999999999996,0.37499999999999994,0.25,0.37499999999999994,0.31212121212121213,0.5484848484848485,0.1393939393939394,3.25,3.11,2.13
slovakia_super_lig,7580398_2024/2025,2007,DAC,11211,FK Košice,2007,-1,0.6444201631701632,0.4727272727272728,0.7435897435897436,0.7435897435897436,75.0,0.75,0.37499999999999994,0.25,0.37499999999999994,0.3,0.2272727272727273,0.4727272727272728,1.45,4.03,5.76
slovakia_super_lig,7580399_2024/2025,1217,Žilina,2005,Podbrezová,1217,-1,0.8481133449883449,0.8909090909090909,0.7435897435897436,0.7435897435897436,87.5,0.875,0.37499999999999994,0.25,0.37499999999999994,0.08484848484848484,0.024242424242424242,0.8909090909090909,1.5,4.22,4.86
belgium_pro_league,7453516_2024/2025,95,Club Brugge,61,RSC Anderlecht,61,-1,0.4929406089193825,0.4363636363636364,0.7547169811320755,0.7547169811320755,37.5,0.375,0.37499999999999994,0.25,0.37499999999999994,0.2727272727272727,0.4363636363636364,0.2909090909090909,1.55,3.99,5.28
belgium_pro_league,7453517_2024/2025,2572,Union Saint-Gilloise,2567,Cercle Brugge,2572,-1,0.7341462907375642,0.7878787878787878,0.7547169811320755,0.7547169811320755,66.67,0.6667000000000001,0.37499999999999994,0.25,0.37499999999999994,0.16969696969696968,0.04242424242424242,0.7878787878787878,1.46,4.26,5.91
belgium_pro_league,7453518_2024/2025,1048,Royal Antwerp FC,527,Standard Liège,1048,-1,0.7489065180102916,0.693939393939394,0.7547169811320755,0.7547169811320755,80.0,0.8,0.37499999999999994,0.25,0.37499999999999994,0.2,0.10606060606060605,0.693939393939394,1.45,4.27,6.02
belgium_pro_league,7453519_2024/2025,536,KV Kortrijk,2568,Beerschot-Wilrijk,536,-1,0.6758599271012007,0.584848484848485,0.7547169811320755,0.7547169811320755,71.43,0.7143,0.37499999999999994,0.25,0.37499999999999994,0.30303030303030304,0.11212121212121212,0.584848484848485,1.78,3.48,3.55
belgium_pro_league,7453520_2024/2025,532,Sint-Truiden,534,KVC Westerlo,534,-1,0.6273281089193825,0.503030303030303,0.7547169811320755,0.7547169811320755,66.67,0.6667000000000001,0.37499999999999994,0.25,0.37499999999999994,0.23333333333333334,0.503030303030303,0.26363636363636367,2.81,3.36,2.35
belgium_pro_league,7453521_2024/2025,529,Sporting Charleroi,690,OH Leuven,529,-1,0.6713144725557462,0.5727272727272728,0.7547169811320755,0.7547169811320755,71.43,0.7143,0.37499999999999994,0.25,0.37499999999999994,0.3787878787878788,0.048484848484848485,0.5727272727272728,2.11,3.29,3.01
belgium_pro_league,7453522_2024/2025,669388,FCV Dender EH,537,KV Mechelen,669388,-1,0.6579849271012006,0.4181818181818182,0.7547169811320755,0.7547169811320755,83.33,0.8332999999999999,0.37499999999999994,0.25,0.37499999999999994,0.3151515151515152,0.26666666666666666,0.4181818181818182,2.39,3.43,2.71
belgium_pro_league,7454754_2024/2025,525,KAA Gent,533,KRC Genk,533,-1,0.6977701543739279,0.35757575757575755,0.7547169811320755,0.7547169811320755,100.0,1.0,0.37499999999999994,0.25,0.37499999999999994,0.29393939393939394,0.35757575757575755,0.3484848484848485,2.54,3.46,2.24
england_championship,7478876_2024/2025,207,Bristol City,222,Leeds United,222,-1,0.6025154814271749,0.4121212121212121,0.7204301075268817,0.7204301075268817,71.43,0.7143,0.37499999999999994,0.25,0.37499999999999994,0.3151515151515152,0.4121212121212121,0.2727272727272727,4.19,3.39,1.77
england_championship,7478877_2024/2025,145,Burnley,160,Queens Park Rangers,145,-1,0.6710291177908112,0.6424242424242423,0.7204301075268817,0.7204301075268817,66.67,0.6667000000000001,0.37499999999999994,0.25,0.37499999999999994,0.22424242424242424,0.13333333333333333,0.6424242424242423,1.75,3.36,4.3
england_championship,7478878_2024/2025,239,Coventry City,271,Luton Town,239,-1,0.6036518450635386,0.41515151515151516,0.7204301075268817,0.7204301075268817,71.43,0.7143,0.37499999999999994,0.25,0.37499999999999994,0.3424242424242424,0.24242424242424243,0.41515151515151516,2.3,3.27,2.78
england_championship,7478879_2024/2025,213,Derby County,150,Hull City,213,-1,0.7092825268817204,0.6333333333333333,0.7204301075268817,0.7204301075268817,77.78,0.7778,0.37499999999999994,0.25,0.37499999999999994,0.24242424242424243,0.12424242424242424,0.6333333333333333,2.38,3.2,2.72
england_championship,7478880_2024/2025,159,Norwich City,147,Middlesbrough,159,-1,0.649993890518084,0.503030303030303,0.7204301075268817,0.7204301075268817,75.0,0.75,0.37499999999999994,0.25,0.37499999999999994,0.3303030303030303,0.16666666666666669,0.503030303030303,2.54,3.19,2.54
england_championship,7478881_2024/2025,264,Plymouth Argyle,210,Preston North End,264,-1,0.7573677541544476,0.706060606060606,0.7204301075268817,0.7204301075268817,83.33,0.8332999999999999,0.37499999999999994,0.25,0.37499999999999994,0.21212121212121213,0.08181818181818182,0.706060606060606,2.54,3.19,2.54
england_championship,7478882_2024/2025,272,Portsmouth,214,Sheffield Wednesday,214,-1,0.5849370723362659,0.4545454545454546,0.7204301075268817,0.7204301075268817,62.5,0.625,0.37499999999999994,0.25,0.37499999999999994,0.28787878787878785,0.4545454545454546,0.25757575757575757,2.89,3.27,2.23
england_championship,7478883_2024/2025,251,Sheffield United,141,Stoke City,251,-1,0.7422370723362658,0.7212121212121212,0.7204301075268817,0.7204301075268817,77.78,0.7778,0.37499999999999994,0.25,0.37499999999999994,0.2,0.0787878787878788,0.7212121212121212,1.79,3.34,4.12
england_championship,7478884_2024/2025,156,Sunderland,243,Oxford United,156,-1,0.8373086632453567,0.8636363636363635,0.7204301075268817,0.7204301075268817,88.89,0.8889,0.37499999999999994,0.25,0.37499999999999994,0.11818181818181817,0.01818181818181818,0.8636363636363635,1.5,4.13,5.23
england_championship,7478885_2024/2025,154,Swansea City,229,Millwall,154,-1,0.6801200268817204,0.6666666666666666,0.7204301075268817,0.7204301075268817,66.67,0.6667000000000001,0.37499999999999994,0.25,0.37499999999999994,0.23939393939393938,0.09393939393939393,0.6666666666666666,2.38,3.2,2.72
england_championship,7478886_2024/2025,155,Watford,216,Blackburn Rovers,155,-1,0.8168541177908113,0.8090909090909091,0.7204301075268817,0.7204301075268817,88.89,0.8889,0.37499999999999994,0.25,0.37499999999999994,0.14242424242424243,0.048484848484848485,0.8090909090909091,2.28,3.28,2.8
england_championship,7478887_2024/2025,142,West Bromwich Albion,161,Cardiff City,142,-1,0.6380620723362658,0.7212121212121212,0.7204301075268817,0.7204301075268817,50.0,0.5,0.37499999999999994,0.25,0.37499999999999994,0.17575757575757578,0.10303030303030303,0.7212121212121212,1.61,3.72,4.75
hungary_nb_i,7467594_2024/2025,3780,Nyíregyháza Spartacus,3785,Zalaegerszegi TE,3780,-1,0.7957087320574161,0.703030303030303,0.8157894736842105,0.8157894736842105,87.5,0.875,0.37499999999999994,0.25,0.37499999999999994,0.21212121212121213,0.08484848484848484,0.703030303030303,2,3.2,2.88
hungary_nb_i,7467595_2024/2025,962,Videoton,984,Debrecen,962,-1,0.6471416866028707,0.5151515151515151,0.8157894736842105,0.8157894736842105,66.67,0.6667000000000001,0.37499999999999994,0.25,0.37499999999999994,0.3090909090909091,0.17575757575757578,0.5151515151515151,2.13,3.45,2.96
hungary_nb_i,7467596_2024/2025,3772,Paksi SE,3776,Kecskeméti TE,3772,-1,0.8334928229665071,0.6787878787878787,0.8157894736842105,0.8157894736842105,100.0,1.0,0.37499999999999994,0.25,0.37499999999999994,0.27575757575757576,0.045454545454545456,0.6787878787878787,1.61,3.75,4.58
hungary_nb_i,7467597_2024/2025,3773,Puskás,3771,Diósgyőr,3773,-1,0.8209928229665071,0.6454545454545455,0.8157894736842105,0.8157894736842105,100.0,1.0,0.37499999999999994,0.25,0.37499999999999994,0.2727272727272727,0.08181818181818182,0.6454545454545455,1.55,3.95,4.83
hungary_nb_i,7467598_2024/2025,3767,MTK,3766,Újpest,3767,-1,0.7539473684210525,0.4666666666666667,0.8157894736842105,0.8157894736842105,100.0,1.0,0.37499999999999994,0.25,0.37499999999999994,0.3181818181818182,0.21515151515151515,0.4666666666666667,2.15,3.36,2.98
hungary_nb_i,7467599_2024/2025,993,Győri ETO,119,Ferencváros,119,-1,0.7937200956937798,0.5727272727272728,0.8157894736842105,0.8157894736842105,100.0,1.0,0.37499999999999994,0.25,0.37499999999999994,0.2727272727272727,0.5727272727272728,0.15454545454545454,5.52,4.1,1.46
norway_eliteserien,7295162_2024,1475,HamKam,344,Kristiansund,-1,-1,0.6424019978005864,0.39090909090909093,0.6774193548387096,0.6774193548387096,87.055,0.87055,0.37499999999999994,0.25,0.37499999999999994,0.39090909090909093,0.2787878787878788,0.3303030303030303,1.8,3.74,3.81
norway_eliteserien,7295163_2024,339,Lillestrøm,329,Odd,329,-1,0.5693548387096774,0.4666666666666667,0.6774193548387096,0.6774193548387096,60.0,0.6,0.37499999999999994,0.25,0.37499999999999994,0.29393939393939394,0.4666666666666667,0.23939393939393938,1.51,4.26,5.2
norway_eliteserien,7295164_2024,337,Strømsgodset,1471,Fredrikstad,-1,-1,0.5899514296187682,0.40909090909090906,0.6774193548387096,0.6774193548387096,71.25,0.7125,0.37499999999999994,0.25,0.37499999999999994,0.40909090909090906,0.4,0.19090909090909092,2.27,3.41,2.86
norway_eliteserien,7295165_2024,332,FK Bodo - Glimt,72,Rosenborg,332,-1,0.6795957478005864,0.7242424242424242,0.6774193548387096,0.6774193548387096,63.64,0.6364,0.37499999999999994,0.25,0.37499999999999994,0.22424242424242424,0.051515151515151514,0.7242424242424242,1.47,4.57,5.25
norway_eliteserien,7295166_2024,342,Sandefjord,1524,KFUM,1524,-1,0.5193548387096774,0.43333333333333335,0.6774193548387096,0.6774193548387096,50.0,0.5,0.37499999999999994,0.25,0.37499999999999994,0.3606060606060606,0.43333333333333335,0.20606060606060606,2.24,3.35,2.96
norway_eliteserien,7295167_2024,340,Sarpsborg 08,335,Viking,335,-1,0.6256537023460409,0.5696969696969697,0.6774193548387096,0.6774193548387096,64.71,0.6470999999999999,0.37499999999999994,0.25,0.37499999999999994,0.23939393939393938,0.5696969696969697,0.19090909090909092,2.68,3.69,2.28
norway_eliteserien,7295168_2024,336,Brann,331,Tromsø,336,-1,0.5977764296187682,0.4757575757575757,0.6774193548387096,0.6774193548387096,66.67,0.6667000000000001,0.37499999999999994,0.25,0.37499999999999994,0.3484848484848485,0.17575757575757575,0.4757575757575757,1.52,4.25,5.05
norway_eliteserien,7295169_2024,330,Haugesund,333,Molde,333,-1,0.6500491568914956,0.6151515151515152,0.6774193548387096,0.6774193548387096,66.67,0.6667000000000001,0.37499999999999994,0.25,0.37499999999999994,0.2272727272727273,0.6151515151515152,0.1575757575757576,4.7,4.06,1.58
spain_la_liga,7465103_2024/2025,293,Getafe CF,288,Valencia CF,293,-1,0.6200830808080808,0.5636363636363637,0.7777777777777778,0.7777777777777778,57.14,0.5714,0.37499999999999994,0.25,0.37499999999999994,0.3303030303030303,0.10606060606060606,0.5636363636363637,2.2,3.1,3.5
spain_la_liga,7465104_2024/2025,298,RCD Mallorca,285,Athletic Club Bilbao,285,-1,0.6522205808080808,0.36363636363636365,0.7777777777777778,0.7777777777777778,85.71,0.8571,0.37499999999999994,0.25,0.37499999999999994,0.33636363636363636,0.36363636363636365,0.3,2.9,3.1,2.55
spain_la_liga,7465105_2024/2025,284,Real Betis,117,Atlético Madrid,117,-1,0.6111705808080807,0.396969696969697,0.7777777777777778,0.7777777777777778,71.43,0.7143,0.37499999999999994,0.25,0.37499999999999994,0.38181818181818183,0.396969696969697,0.2212121212121212,3,3.4,2.35
spain_la_liga,7465106_2024/2025,84,Real Madrid,83,FC Barcelona,-1,-1,0.7131052398989897,0.45454545454545453,0.7777777777777778,0.7777777777777778,92.85499999999999,0.9285499999999999,0.37499999999999994,0.25,0.37499999999999994,0.45454545454545453,0.17878787878787877,0.3666666666666667,2.05,3.8,3.2
spain_la_liga,7465107_2024/2025,278,Leganés,281,Celta de Vigo,278,-1,0.6658569444444444,0.4,0.7777777777777778,0.7777777777777778,85.71,0.8571,0.37499999999999994,0.25,0.37499999999999994,0.3787878787878788,0.22121212121212122,0.4,3.1,3.25,2.35
spain_la_liga,7465108_2024/2025,276,UD Las Palmas,312,Girona FC,312,-1,0.6246285353535352,0.5757575757575757,0.7777777777777778,0.7777777777777778,57.14,0.5714,0.37499999999999994,0.25,0.37499999999999994,0.30303030303030304,0.5757575757575757,0.12121212121212122,3.1,3.4,2.25
spain_la_liga,7465109_2024/2025,290,Real Sociedad,287,CA Osasuna,290,-1,0.6404671717171717,0.4393939393939394,0.7777777777777778,0.7777777777777778,75.0,0.75,0.37499999999999994,0.25,0.37499999999999994,0.3090909090909091,0.2515151515151515,0.4393939393939394,1.75,3.6,5
spain_la_liga,7465110_2024/2025,297,Real Valladolid,76,Villarreal,76,-1,0.7452103535353534,0.6909090909090909,0.7777777777777778,0.7777777777777778,77.78,0.7778,0.37499999999999994,0.25,0.37499999999999994,0.2181818181818182,0.6909090909090909,0.09090909090909091,3.5,3.7,2
spain_la_liga,7465111_2024/2025,291,Rayo Vallecano,277,Deportivo Alavés,291,-1,0.6205808080808081,0.5363636363636364,0.7777777777777778,0.7777777777777778,60.0,0.6,0.37499999999999994,0.25,0.37499999999999994,0.3242424242424242,0.1393939393939394,0.5363636363636364,2.05,3.2,3.9
spain_la_liga,7469580_2024/2025,280,RCD Espanyol,98,Sevilla FC,280,-1,0.7273989898989899,0.6212121212121212,0.7777777777777778,0.7777777777777778,80.0,0.8,0.37499999999999994,0.25,0.37499999999999994,0.2545454545454545,0.12424242424242424,0.6212121212121212,2.88,3.3,2.4
bulgaria_first_league,7455961_2024/2025,111,Ludogorets,9987,CSKA 1948 Sofia,111,-1,0.7898989898989899,0.6878787878787879,0.7777777777777778,0.7777777777777778,90.0,0.9,0.37499999999999994,0.25,0.37499999999999994,0.25757575757575757,0.05454545454545455,0.6878787878787879,1.3,4.75,11
bulgaria_first_league,7455962_2024/2025,668379,Hebar 1918,703909,Levski Krumovgrad,-1,-1,0.6612586489898988,0.3787878787878788,0.7777777777777778,0.7777777777777778,86.60499999999999,0.8660499999999999,0.37499999999999994,0.25,0.37499999999999994,0.3787878787878788,0.36363636363636365,0.25757575757575757,3.75,3.1,2.05
italy_serie_a,7492228_2024/2025,464,Atalanta,473,Hellas Verona,464,-1,0.721590909090909,0.6575757575757576,0.7,0.7,80.0,0.8,0.37499999999999994,0.25,0.37499999999999994,0.2727272727272727,0.0696969696969697,0.6575757575757576,1.51,3.62,6.14
italy_serie_a,7492229_2024/2025,467,Bologna,461,AC Milan,461,-1,0.5954670454545454,0.45454545454545453,0.7,0.7,66.67,0.6667000000000001,0.37499999999999994,0.25,0.37499999999999994,0.31212121212121213,0.45454545454545453,0.23333333333333334,3.58,3.43,1.89
italy_serie_a,7492230_2024/2025,471,Fiorentina,113,Roma,471,-1,0.5556818181818182,0.5151515151515151,0.7,0.7,50.0,0.5,0.37499999999999994,0.25,0.37499999999999994,0.3303030303030303,0.15454545454545454,0.5151515151515151,2.38,3.13,2.78
italy_serie_a,7492231_2024/2025,470,Inter Milan,90,Juventus,90,-1,0.5340909090909091,0.35757575757575755,0.7,0.7,60.0,0.6,0.37499999999999994,0.25,0.37499999999999994,0.3090909090909091,0.35757575757575755,0.3333333333333333,1.93,3.09,3.88
italy_serie_a,7492232_2024/2025,463,Lazio,460,Genoa,463,-1,0.7545454545454544,0.7454545454545454,0.7,0.7,80.0,0.8,0.37499999999999994,0.25,0.37499999999999994,0.18484848484848487,0.0696969696969697,0.7454545454545454,1.61,3.62,4.97
italy_serie_a,7492233_2024/2025,2356,Monza,1047,Venezia,-1,-1,0.5565340909090908,0.4424242424242424,0.7,0.7,57.5,0.575,0.37499999999999994,0.25,0.37499999999999994,0.4424242424242424,0.26363636363636367,0.29393939393939394,2.04,3.12,3.46
italy_serie_a,7492234_2024/2025,74,Napoli,2330,Lecce,74,-1,0.8749999999999999,0.8666666666666667,0.7,0.7,100.0,1.0,0.37499999999999994,0.25,0.37499999999999994,0.11515151515151514,0.01818181818181818,0.8666666666666667,1.27,4.64,10.1
italy_serie_a,7492235_2024/2025,476,Parma,459,Empoli,459,-1,0.6272727272727272,0.6060606060606061,0.7,0.7,60.0,0.6,0.37499999999999994,0.25,0.37499999999999994,0.2727272727272727,0.6060606060606061,0.12121212121212122,2.23,3.07,3.07
italy_serie_a,7492236_2024/2025,456,Torino,518,Como,456,-1,0.6238761363636363,0.5303030303030303,0.7,0.7,66.67,0.6667000000000001,0.37499999999999994,0.25,0.37499999999999994,0.2727272727272727,0.19696969696969696,0.5303030303030303,1.7,3.58,4.28
italy_serie_a,7492237_2024/2025,466,Udinese,455,Cagliari,466,-1,0.7977272727272726,0.6606060606060606,0.7,0.7,100.0,1.0,0.37499999999999994,0.25,0.37499999999999994,0.25757575757575757,0.08181818181818182,0.6606060606060606,2.12,3.45,3.45
poland_ekstraklasa,7450756_2024/2025,1223,Cracovia Kraków,8265,Motor Lublin,8265,-1,0.6335069582814445,0.4636363636363636,0.7671232876712328,0.7671232876712328,71.43,0.7143,0.37499999999999994,0.25,0.37499999999999994,0.3181818181818182,0.4636363636363636,0.21818181818181817,1.8,3.75,4.1
poland_ekstraklasa,7450757_2024/2025,1224,Jagiellonia Białystok,1221,Korona Kielce,1224,-1,0.7789967310087171,0.6909090909090909,0.7671232876712328,0.7671232876712328,87.5,0.875,0.37499999999999994,0.25,0.37499999999999994,0.24545454545454543,0.06363636363636363,0.6909090909090909,1.83,3.7,4
poland_ekstraklasa,7450758_2024/2025,961,Lech Poznań,805,Radomiak Radom,961,-1,0.8220921855541719,0.9030303030303031,0.7671232876712328,0.7671232876712328,77.78,0.7778,0.37499999999999994,0.25,0.37499999999999994,0.07575757575757576,0.02121212121212121,0.9030303030303031,1.5,4.5,5.5
poland_ekstraklasa,7450759_2024/2025,112,Legia Warszawa,782,GKS Katowice,112,-1,0.6050978673723536,0.3878787878787879,0.7671232876712328,0.7671232876712328,71.43,0.7143,0.37499999999999994,0.25,0.37499999999999994,0.3242424242424242,0.28787878787878785,0.3878787878787879,1.65,3.9,4.75
poland_ekstraklasa,7450761_2024/2025,1225,Pogoń Szczecin,789,Puszcza Niepołomice,1225,-1,0.8576933219178081,0.8666666666666667,0.7671232876712328,0.7671232876712328,90.91,0.9091,0.37499999999999994,0.25,0.37499999999999994,0.11515151515151514,0.01818181818181818,0.8666666666666667,1.33,5,8.5
poland_ekstraklasa,7450762_2024/2025,771,Stal Mielec,1149,Zagłębie Lubin,771,-1,0.7160274128268991,0.509090909090909,0.7671232876712328,0.7671232876712328,88.89,0.8889,0.37499999999999994,0.25,0.37499999999999994,0.36363636363636365,0.12727272727272726,0.509090909090909,2.55,3.4,2.7
poland_ekstraklasa,7450763_2024/2025,1148,Widzew Łódź,785,Górnik Zabrze,1148,-1,0.68611150373599,0.6515151515151515,0.7671232876712328,0.7671232876712328,66.67,0.6667000000000001,0.37499999999999994,0.25,0.37499999999999994,0.26969696969696966,0.07878787878787878,0.6515151515151515,2.05,3.4,3.5
poland_ekstraklasa,7450764_2024/2025,1220,Śląsk Wrocław,802,Raków Częstochowa,802,-1,0.7917808219178082,0.8,0.7671232876712328,0.7671232876712328,80.0,0.8,0.37499999999999994,0.25,0.37499999999999994,0.16363636363636364,0.8,0.03636363636363636,4.33,3.4,1.85
spain_segunda_division,7481477_2024/2025,316,Albacete Balompié,289,Sporting Gijón,289,-1,0.5983458333333334,0.4666666666666667,0.6933333333333334,0.6933333333333334,66.67,0.6667000000000001,0.37499999999999994,0.25,0.37499999999999994,0.28787878787878785,0.4666666666666667,0.24545454545454545,2.42,2.99,2.61
spain_segunda_division,7481478_2024/2025,310,Cádiz,309,Real Oviedo,309,-1,0.7324117424242422,0.6575757575757575,0.6933333333333334,0.6933333333333334,83.33,0.8332999999999999,0.37499999999999994,0.25,0.37499999999999994,0.21515151515151515,0.6575757575757575,0.12727272727272726,2.42,2.99,2.61
spain_segunda_division,7481479_2024/2025,294,Córdoba,4516,CD Eldense,294,-1,0.6706901515151514,0.5484848484848485,0.6933333333333334,0.6933333333333334,77.78,0.7778,0.37499999999999994,0.25,0.37499999999999994,0.296969696969697,0.15454545454545454,0.5484848484848485,1.95,3.13,3.37
spain_segunda_division,7481480_2024/2025,286,Deportivo La Coruña,319,Racing Santander,319,-1,0.833560606060606,0.7606060606060606,0.6933333333333334,0.6933333333333334,100.0,1.0,0.37499999999999994,0.25,0.37499999999999994,0.15454545454545454,0.7606060606060606,0.08484848484848484,2.62,2.9,2.48
spain_segunda_division,7481481_2024/2025,4542,Racing Club de Ferrol,311,CD Tenerife,-1,-1,0.5625441287878787,0.4545454545454546,0.6933333333333334,0.6933333333333334,58.335,0.58335,0.37499999999999994,0.25,0.37499999999999994,0.4545454545454546,0.1484848484848485,0.396969696969697,2.05,2.9,3.38
spain_segunda_division,7481482_2024/2025,282,Granada CF,292,Levante UD,292,-1,0.6801515151515152,0.5515151515151515,0.6933333333333334,0.6933333333333334,80.0,0.8,0.37499999999999994,0.25,0.37499999999999994,0.22424242424242424,0.5515151515151515,0.22424242424242424,2.23,2.98,2.89
spain_segunda_division,7481483_2024/2025,301,SD Huesca,296,Almería,301,-1,0.8028787878787877,0.6787878787878787,0.6933333333333334,0.6933333333333334,100.0,1.0,0.37499999999999994,0.25,0.37499999999999994,0.2363636363636364,0.08484848484848485,0.6787878787878787,1.85,3.17,3.65
spain_segunda_division,7481484_2024/2025,295,Elche CF,4546,Burgos CF,-1,-1,0.5364719696969696,0.396969696969697,0.6933333333333334,0.6933333333333334,57.14,0.5714,0.37499999999999994,0.25,0.37499999999999994,0.396969696969697,0.3484848484848485,0.2545454545454545,2.18,2.89,3.08
spain_segunda_division,7481485_2024/2025,300,Mirandés,4507,FC Cartagena,300,-1,0.5466992424242424,0.42424242424242425,0.6933333333333334,0.6933333333333334,57.14,0.5714,0.37499999999999994,0.25,0.37499999999999994,0.2727272727272727,0.30303030303030304,0.42424242424242425,1.66,3.13,4.79
spain_segunda_division,7481486_2024/2025,299,Real Zaragoza,6257,CD Castellón,-1,-1,0.6143844696969696,0.36363636363636365,0.6933333333333334,0.6933333333333334,81.25,0.8125,0.37499999999999994,0.25,0.37499999999999994,0.36363636363636365,0.3151515151515152,0.3212121212121212,1.86,3.14,3.66
spain_segunda_division,7481487_2024/2025,283,Málaga CF,279,SD Eibar,283,-1,0.4063003787878787,0.45454545454545453,0.6933333333333334,0.6933333333333334,16.67,0.16670000000000001,0.37499999999999994,0.25,0.37499999999999994,0.35757575757575755,0.18787878787878787,0.45454545454545453,2.51,2.98,2.53
england_efl_league_one,7477971_2024/2025,215,Barnsley,225,Charlton Athletic,215,-1,0.6608681025369978,0.40909090909090906,0.7441860465116279,0.7441860465116279,85.71,0.8571,0.37499999999999994,0.25,0.37499999999999994,0.25757575757575757,0.33333333333333337,0.40909090909090906,0,0,0
england_efl_league_one,7477973_2024/2025,206,Birmingham City,226,Bolton Wanderers,206,-1,0.7349101479915432,0.4636363636363636,0.7441860465116279,0.7441860465116279,100.0,1.0,0.37499999999999994,0.25,0.37499999999999994,0.2909090909090909,0.24545454545454545,0.4636363636363636,0,0,0
england_efl_league_one,7477974_2024/2025,244,Bristol Rovers,245,Shrewsbury Town,244,-1,0.7176862843551797,0.5606060606060606,0.7441860465116279,0.7441860465116279,85.71,0.8571,0.37499999999999994,0.25,0.37499999999999994,0.2787878787878788,0.1606060606060606,0.5606060606060606,0,0,0
england_efl_league_one,7477976_2024/2025,208,Burton Albion,266,Wycombe Wanderers,266,-1,0.8087737843551797,0.6606060606060606,0.7441860465116279,0.7441860465116279,100.0,1.0,0.37499999999999994,0.25,0.37499999999999994,0.25757575757575757,0.6606060606060606,0.08181818181818182,0,0,0
england_efl_league_one,7477977_2024/2025,254,Crawley Town,1021,Lincoln City,1021,-1,0.6053646934460888,0.7181818181818183,0.7441860465116279,0.7441860465116279,40.0,0.4,0.37499999999999994,0.25,0.37499999999999994,0.21818181818181817,0.7181818181818183,0.06363636363636363,0,0,0
england_efl_league_one,7477979_2024/2025,268,Exeter City,219,Reading,268,-1,0.6412306025369978,0.6424242424242423,0.7441860465116279,0.7441860465116279,57.14,0.5714,0.37499999999999994,0.25,0.37499999999999994,0.2545454545454545,0.10303030303030303,0.6424242424242423,0,0,0
england_efl_league_one,7477980_2024/2025,255,Leyton Orient,212,Rotherham United,212,-1,0.5932601479915433,0.5303030303030303,0.7441860465116279,0.7441860465116279,55.56,0.5556,0.37499999999999994,0.25,0.37499999999999994,0.2909090909090909,0.5303030303030303,0.17878787878787877,0,0,0
england_efl_league_one,7477982_2024/2025,250,Peterborough United,228,Blackpool,228,-1,0.6343419661733614,0.44545454545454544,0.7441860465116279,0.7441860465116279,75.0,0.75,0.37499999999999994,0.25,0.37499999999999994,0.3090909090909091,0.44545454545454544,0.24545454545454548,0,0,0
england_efl_league_one,7477983_2024/2025,258,Stevenage,261,Cambridge United,258,-1,0.7056487843551796,0.7606060606060606,0.7441860465116279,0.7441860465116279,62.5,0.625,0.37499999999999994,0.25,0.37499999999999994,0.2121212121212121,0.02727272727272727,0.7606060606060606,0,0,0
england_efl_league_one,7477985_2024/2025,3143,Stockport County,242,Northampton Town,3143,-1,0.5319987843551797,0.4939393939393939,0.7441860465116279,0.7441860465116279,42.86,0.4286,0.37499999999999994,0.25,0.37499999999999994,0.3,0.20606060606060606,0.4939393939393939,0,0,0
england_efl_league_one,7477986_2024/2025,221,Wigan Athletic,267,Mansfield Town,267,-1,0.5417283298097251,0.4484848484848485,0.7441860465116279,0.7441860465116279,50.0,0.5,0.37499999999999994,0.25,0.37499999999999994,0.3424242424242424,0.4484848484848485,0.2090909090909091,0,0,0
england_efl_league_one,7477988_2024/2025,1837,Wrexham,217,Huddersfield Town,1837,-1,0.7780919661733614,0.5787878787878789,0.7441860465116279,0.7441860465116279,100.0,1.0,0.37499999999999994,0.25,0.37499999999999994,0.2545454545454545,0.16666666666666666,0.5787878787878789,0,0,0
england_efl_league_one,7719518_2024/2025,206,Birmingham City,226,Bolton Wanderers,206,-1,0.7246828752642706,0.4363636363636364,0.7441860465116279,0.7441860465116279,100.0,1.0,0.37499999999999994,0.25,0.37499999999999994,0.3090909090909091,0.2545454545454545,0.4363636363636364,0,0,0
england_efl_league_one,7719519_2024/2025,244,Bristol Rovers,245,Shrewsbury Town,244,-1,0.7404135570824524,0.6212121212121212,0.7441860465116279,0.7441860465116279,85.71,0.8571,0.37499999999999994,0.25,0.37499999999999994,0.25757575757575757,0.12121212121212122,0.6212121212121212,0,0,0
england_efl_league_one,7719520_2024/2025,208,Burton Albion,266,Wycombe Wanderers,266,-1,0.8462737843551795,0.7606060606060606,0.7441860465116279,0.7441860465116279,100.0,1.0,0.37499999999999994,0.25,0.37499999999999994,0.17272727272727273,0.7606060606060606,0.06666666666666667,0,0,0
england_efl_league_one,7719521_2024/2025,254,Crawley Town,1021,Lincoln City,1021,-1,0.532637420718816,0.5242424242424242,0.7441860465116279,0.7441860465116279,40.0,0.4,0.37499999999999994,0.25,0.37499999999999994,0.42727272727272725,0.5242424242424242,0.048484848484848485,0,0,0
england_efl_league_one,7719522_2024/2025,268,Exeter City,219,Reading,268,-1,0.6810033298097251,0.7484848484848485,0.7441860465116279,0.7441860465116279,57.14,0.5714,0.37499999999999994,0.25,0.37499999999999994,0.16666666666666669,0.08484848484848484,0.7484848484848485,0,0,0
england_efl_league_one,7719523_2024/2025,255,Leyton Orient,212,Rotherham United,212,-1,0.5671237843551796,0.46060606060606063,0.7441860465116279,0.7441860465116279,55.56,0.5556,0.37499999999999994,0.25,0.37499999999999994,0.3606060606060606,0.46060606060606063,0.17878787878787877,0,0,0
england_efl_league_one,7719524_2024/2025,250,Peterborough United,228,Blackpool,228,-1,0.6275237843551795,0.42727272727272725,0.7441860465116279,0.7441860465116279,75.0,0.75,0.37499999999999994,0.25,0.37499999999999994,0.36363636363636365,0.42727272727272725,0.2090909090909091,0,0,0
england_efl_league_one,7719525_2024/2025,258,Stevenage,261,Cambridge United,258,-1,0.6465578752642706,0.603030303030303,0.7441860465116279,0.7441860465116279,62.5,0.625,0.37499999999999994,0.25,0.37499999999999994,0.3484848484848485,0.048484848484848485,0.603030303030303,0,0,0
england_efl_league_one,7719526_2024/2025,3143,Stockport County,242,Northampton Town,3143,-1,0.4944987843551797,0.3939393939393939,0.7441860465116279,0.7441860465116279,42.86,0.4286,0.37499999999999994,0.25,0.37499999999999994,0.35454545454545455,0.25151515151515147,0.3939393939393939,0,0,0
england_efl_league_one,7719527_2024/2025,221,Wigan Athletic,267,Mansfield Town,267,-1,0.5383192389006342,0.43939393939393934,0.7441860465116279,0.7441860465116279,50.0,0.5,0.37499999999999994,0.25,0.37499999999999994,0.3484848484848485,0.43939393939393934,0.21212121212121213,0,0,0
england_efl_league_one,7719528_2024/2025,1837,Wrexham,217,Huddersfield Town,1837,-1,0.8258192389006341,0.706060606060606,0.7441860465116279,0.7441860465116279,100.0,1.0,0.37499999999999994,0.25,0.37499999999999994,0.17575757575757575,0.1181818181818182,0.706060606060606,0,0,0
italy_serie_b,7509667_2024/2025,2358,Carrarese,508,Cittadella,-1,-1,0.6163149350649351,0.36969696969696975,0.7857142857142857,0.7857142857142857,75.0,0.75,0.37499999999999994,0.25,0.37499999999999994,0.36969696969696975,0.2787878787878788,0.35151515151515156,2.35,2.86,2.81
italy_serie_b,7509668_2024/2025,2350,Catanzaro,2312,Südtirol,2312,-1,0.6748376623376623,0.47575757575757577,0.7857142857142857,0.7857142857142857,80.0,0.8,0.37499999999999994,0.25,0.37499999999999994,0.3181818181818182,0.47575757575757577,0.20606060606060606,2.16,2.97,3.03
italy_serie_b,7509669_2024/2025,475,Cesena,505,Brescia,475,-1,0.7668706168831168,0.687878787878788,0.7857142857142857,0.7857142857142857,83.33,0.8332999999999999,0.37499999999999994,0.25,0.37499999999999994,0.21515151515151515,0.09696969696969697,0.687878787878788,1.73,3.3,4.02
italy_serie_b,7509670_2024/2025,2343,Cosenza,520,Juve Stabia,520,-1,0.622577435064935,0.4696969696969697,0.7857142857142857,0.7857142857142857,66.67,0.6667000000000001,0.37499999999999994,0.25,0.37499999999999994,0.28484848484848485,0.4696969696969697,0.24545454545454545,1.97,3.1,3.34
italy_serie_b,7509671_2024/2025,1046,Cremonese,510,Salernitana,1046,-1,0.6987012987012986,0.33939393939393936,0.7857142857142857,0.7857142857142857,100.0,1.0,0.37499999999999994,0.25,0.37499999999999994,0.33636363636363636,0.3242424242424242,0.33939393939393936,1.71,3.48,3.88
italy_serie_b,7509672_2024/2025,474,Frosinone,507,Pisa,507,-1,0.7769319805194803,0.6909090909090909,0.7857142857142857,0.7857142857142857,85.71,0.8571,0.37499999999999994,0.25,0.37499999999999994,0.2181818181818182,0.6909090909090909,0.09090909090909091,2.47,3.12,2.47
italy_serie_b,7509673_2024/2025,462,Palermo,2354,Reggiana,2354,-1,0.7737012987012986,0.5393939393939394,0.7857142857142857,0.7857142857142857,100.0,1.0,0.37499999999999994,0.25,0.37499999999999994,0.35151515151515156,0.5393939393939394,0.1090909090909091,1.78,3.31,3.75
italy_serie_b,7509674_2024/2025,465,Sampdoria,2363,Mantova,-1,-1,0.6310876623376622,0.40909090909090906,0.7857142857142857,0.7857142857142857,75.0,0.75,0.37499999999999994,0.25,0.37499999999999994,0.40909090909090906,0.18787878787878787,0.40303030303030307,1.67,3.47,4.14
italy_serie_b,7509675_2024/2025,469,Sassuolo,517,Modena,469,-1,0.6631547077922078,0.5303030303030303,0.7857142857142857,0.7857142857142857,71.43,0.7143,0.37499999999999994,0.25,0.37499999999999994,0.32727272727272727,0.1424242424242424,0.5303030303030303,1.89,3.38,4
italy_serie_b,7509676_2024/2025,513,Spezia,500,Bari 1908,513,-1,0.7736887987012986,0.706060606060606,0.7857142857142857,0.7857142857142857,83.33,0.8332999999999999,0.37499999999999994,0.25,0.37499999999999994,0.21515151515151515,0.07878787878787878,0.706060606060606,2.2,3.25,3.3
portugal_liga_nos,7574635_2024/2025,998595,AVS,82,Porto,82,-1,0.7811363636363635,0.5363636363636364,0.82,0.82,100.0,1.0,0.37499999999999994,0.25,0.37499999999999994,0.2181818181818182,0.5363636363636364,0.24545454545454545,8.73,4.97,1.3
portugal_liga_nos,7574636_2024/2025,1028,Santa Clara,183,Gil Vicente,1028,-1,0.8322727272727273,0.6727272727272727,0.82,0.82,100.0,1.0,0.37499999999999994,0.25,0.37499999999999994,0.2272727272727273,0.1,0.6727272727272727,1.83,3.29,4.44
portugal_liga_nos,7574637_2024/2025,164,GD Estoril Praia,167,FC Arouca,-1,-1,0.6731880681818181,0.41515151515151516,0.82,0.82,83.33500000000001,0.83335,0.37499999999999994,0.25,0.37499999999999994,0.41515151515151516,0.26969696969696966,0.3151515151515152,2.92,3.09,2.46
portugal_liga_nos,7574638_2024/2025,1033,Famalicão,114,Sporting CP,114,-1,0.7959090909090909,0.5757575757575758,0.82,0.82,100.0,1.0,0.37499999999999994,0.25,0.37499999999999994,0.23939393939393938,0.5757575757575758,0.18484848484848485,7.43,4.58,1.37
portugal_liga_nos,7574639_2024/2025,172,Sporting Braga,4866,Farense,172,-1,0.855,0.7333333333333334,0.82,0.82,100.0,1.0,0.37499999999999994,0.25,0.37499999999999994,0.2,0.06666666666666667,0.7333333333333334,1.31,5.28,7.86
portugal_liga_nos,7574640_2024/2025,15804,Estrela Amadora,175,Vitória Guimarães,175,-1,0.6299999999999999,0.5333333333333333,0.82,0.82,60.0,0.6,0.37499999999999994,0.25,0.37499999999999994,0.2727272727272727,0.5333333333333333,0.19393939393939394,4.57,3.41,1.81
portugal_liga_nos,7574641_2024/2025,176,Boavista FC,174,Moreirense FC,174,-1,0.6493181818181818,0.3848484848484849,0.82,0.82,80.0,0.8,0.37499999999999994,0.25,0.37499999999999994,0.28484848484848485,0.3848484848484849,0.3303030303030303,3.36,3,2.25
portugal_liga_nos,7574642_2024/2025,78,Benfica,171,Rio Ave FC,78,-1,0.9106818181818181,0.8818181818181818,0.82,0.82,100.0,1.0,0.37499999999999994,0.25,0.37499999999999994,0.07575757575757576,0.04242424242424242,0.8818181818181818,1.16,6.89,12.49
portugal_liga_nos,7574643_2024/2025,4810,Casa Pia,163,CD Nacional,4810,-1,0.5720454545454545,0.3787878787878788,0.82,0.82,60.0,0.6,0.37499999999999994,0.25,0.37499999999999994,0.3090909090909091,0.31212121212121213,0.3787878787878788,2.1,3.3,3.6
sweden_allsvenskan,7292653_2024,661,AIK,663,Elfsborg,661,-1,0.6637438574938574,0.5515151515151515,0.7027027027027027,0.7027027027027027,75.0,0.75,0.37499999999999994,0.25,0.37499999999999994,0.23333333333333334,0.21515151515151515,0.5515151515151515,2.34,3.31,2.98
sweden_allsvenskan,7292654_2024,659,Djurgården,2911,Västerås SK,659,-1,0.702380221130221,0.6545454545454545,0.7027027027027027,0.7027027027027027,75.0,0.75,0.37499999999999994,0.25,0.37499999999999994,0.23636363636363636,0.1090909090909091,0.6545454545454545,1.63,3.93,4.95
sweden_allsvenskan,7292655_2024,656,Malmö FF,665,IFK Göteborg,656,-1,0.8069654484029483,0.893939393939394,0.7027027027027027,0.7027027027027027,78.95,0.7895,0.37499999999999994,0.25,0.37499999999999994,0.08787878787878788,0.01818181818181818,0.893939393939394,1.35,5.09,7.52
sweden_allsvenskan,7292656_2024,664,Häcken,657,Halmstad,664,-1,0.7026290847665847,0.6909090909090909,0.7027027027027027,0.7027027027027027,71.43,0.7143,0.37499999999999994,0.25,0.37499999999999994,0.20606060606060606,0.10303030303030303,0.6909090909090909,1.3,5.57,7.9
sweden_allsvenskan,7292657_2024,662,Sirius,655,Hammarby,655,-1,0.6154609029484029,0.5060606060606061,0.7027027027027027,0.7027027027027027,66.67,0.6667000000000001,0.37499999999999994,0.25,0.37499999999999994,0.2606060606060606,0.5060606060606061,0.23333333333333334,2.29,3.58,2.87
sweden_allsvenskan,7292658_2024,671,Mjällby,679,GAIS,671,-1,0.6812972665847665,0.6424242424242423,0.7027027027027027,0.7027027027027027,70.59,0.7059000000000001,0.37499999999999994,0.25,0.37499999999999994,0.2636363636363636,0.09393939393939393,0.6424242424242423,2.12,3.39,3.36
sweden_allsvenskan,7292659_2024,678,Värnamo,125,Norrköping,125,-1,0.5972665847665847,0.42424242424242425,0.7027027027027027,0.7027027027027027,70.0,0.7,0.37499999999999994,0.25,0.37499999999999994,0.28484848484848485,0.42424242424242425,0.2909090909090909,1.93,3.52,3.77
sweden_allsvenskan,7292660_2024,672,Brommapojkarna,666,Kalmar,672,-1,0.5375949938574938,0.38181818181818183,0.7027027027027027,0.7027027027027027,58.33,0.5832999999999999,0.37499999999999994,0.25,0.37499999999999994,0.3393939393939394,0.2787878787878788,0.38181818181818183,1.81,3.81,3.97
croatia_prva_hnl,7451005_2024/2025,1863,Hajduk Split,1859,Lokomotiva Zagreb,1863,-1,0.7189114973262031,0.8909090909090909,0.7058823529411765,0.7058823529411765,55.56,0.5556,0.37499999999999994,0.25,0.37499999999999994,0.09090909090909091,0.01818181818181818,0.8909090909090909,1.33,4.75,7.5
croatia_prva_hnl,7451006_2024/2025,1215,Rijeka,1881,Varaždin,1215,-1,0.5969251336898396,0.6212121212121212,0.7058823529411765,0.7058823529411765,50.0,0.5,0.37499999999999994,0.25,0.37499999999999994,0.26666666666666666,0.11212121212121212,0.6212121212121212,1.48,3.8,6.25
croatia_prva_hnl,7451007_2024/2025,1875,Gorica,1857,Istra 1961,1875,-1,0.6761864973262031,0.4575757575757575,0.7058823529411765,0.7058823529411765,87.5,0.875,0.37499999999999994,0.25,0.37499999999999994,0.38181818181818183,0.1606060606060606,0.4575757575757575,2.6,3.2,2.55
croatia_prva_hnl,7451008_2024/2025,122,Dinamo Zagreb,1864,Osijek,122,-1,0.7216058155080214,0.7393939393939394,0.7058823529411765,0.7058823529411765,71.43,0.7143,0.37499999999999994,0.25,0.37499999999999994,0.20303030303030303,0.05757575757575757,0.7393939393939394,1.36,4.33,7.5
england_efl_league_two,7476701_2024/2025,263,Accrington Stanley,236,Walsall,-1,-1,0.5738935406698564,0.42424242424242425,0.6842105263157895,0.6842105263157895,65.0,0.65,0.37499999999999994,0.25,0.37499999999999994,0.42424242424242425,0.3484848484848485,0.22727272727272727,3.03,3.35,1.99
england_efl_league_two,7476702_2024/2025,248,Bradford City,231,Doncaster Rovers,248,-1,0.6460526315789474,0.4666666666666667,0.6842105263157895,0.6842105263157895,80.0,0.8,0.37499999999999994,0.25,0.37499999999999994,0.32121212121212117,0.21212121212121213,0.4666666666666667,2.36,3.18,2.55
england_efl_league_two,7476703_2024/2025,1835,Bromley,1833,Barrow,1833,-1,0.603438995215311,0.403030303030303,0.6842105263157895,0.6842105263157895,75.0,0.75,0.37499999999999994,0.25,0.37499999999999994,0.2606060606060606,0.403030303030303,0.33636363636363636,2.45,3.18,2.45
england_efl_league_two,7476704_2024/2025,257,Carlisle United,260,Cheltenham Town,260,-1,0.6767344497607655,0.3484848484848485,0.6842105263157895,0.6842105263157895,100.0,1.0,0.37499999999999994,0.25,0.37499999999999994,0.3242424242424242,0.3484848484848485,0.32727272727272727,2,3.18,3.18
england_efl_league_two,7476705_2024/2025,253,Colchester United,3141,Salford City,253,-1,0.522188995215311,0.4363636363636364,0.6842105263157895,0.6842105263157895,50.0,0.5,0.37499999999999994,0.25,0.37499999999999994,0.3939393939393939,0.16969696969696968,0.4363636363636364,2,3.18,3.18
england_efl_league_two,7476706_2024/2025,252,Crewe Alexandra,259,Tranmere Rovers,252,-1,0.5528708133971292,0.4181818181818182,0.6842105263157895,0.6842105263157895,60.0,0.6,0.37499999999999994,0.25,0.37499999999999994,0.3696969696969697,0.2121212121212121,0.4181818181818182,2.08,3.17,2.99
england_efl_league_two,7476707_2024/2025,273,Grimsby Town,227,Milton Keynes Dons,273,-1,0.6470105861244018,0.4121212121212121,0.6842105263157895,0.6842105263157895,85.71,0.8571,0.37499999999999994,0.25,0.37499999999999994,0.3909090909090909,0.19696969696969696,0.4121212121212121,2.59,3.36,2.25
england_efl_league_two,7476708_2024/2025,270,Morecambe,249,Chesterfield,249,-1,0.5227571770334928,0.6878787878787879,0.6842105263157895,0.6842105263157895,25.0,0.25,0.37499999999999994,0.25,0.37499999999999994,0.17575757575757578,0.6878787878787879,0.13636363636363635,4,3.25,1.75
england_efl_league_two,7476709_2024/2025,265,Newport County,240,Fleetwood Town,-1,-1,0.5943480861244019,0.3787878787878788,0.6842105263157895,0.6842105263157895,75.0,0.75,0.37499999999999994,0.25,0.37499999999999994,0.3787878787878788,0.3,0.32121212121212117,2.99,3.17,2.08
england_efl_league_two,7476710_2024/2025,247,Port Vale,241,AFC Wimbledon,247,-1,0.6264151315789473,0.5,0.6842105263157895,0.6842105263157895,71.43,0.7143,0.37499999999999994,0.25,0.37499999999999994,0.3212121212121212,0.17878787878787877,0.5,2.09,3.26,2.9
england_efl_league_two,7476711_2024/2025,234,Swindon Town,238,Gillingham,238,-1,0.7551435406698563,0.5575757575757576,0.6842105263157895,0.6842105263157895,100.0,1.0,0.37499999999999994,0.25,0.37499999999999994,0.27575757575757576,0.5575757575757576,0.16666666666666669,2.25,3.27,2.63
england_efl_league_two,7477097_2024/2025,256,Notts County,3124,Harrogate Town,256,-1,0.6551310406698564,0.4575757575757576,0.6842105263157895,0.6842105263157895,83.33,0.8332999999999999,0.37499999999999994,0.25,0.37499999999999994,0.3090909090909091,0.23333333333333334,0.4575757575757576,1.51,3.75,5
france_ligue_1,7468429_2024/2025,445,Nice,56,Monaco,56,-1,0.7349525349650349,0.6393939393939394,0.7307692307692307,0.7307692307692307,83.33,0.8332999999999999,0.37499999999999994,0.25,0.37499999999999994,0.26969696969696966,0.6393939393939394,0.09090909090909091,2.74,3.39,2.42
france_ligue_1,7468430_2024/2025,449,Lens,441,Lille,441,-1,0.6270104895104895,0.3848484848484849,0.7307692307692307,0.7307692307692307,80.0,0.8,0.37499999999999994,0.25,0.37499999999999994,0.2909090909090909,0.3848484848484849,0.3242424242424242,2.3,3.32,2.96
france_ligue_1,7468431_2024/2025,443,Olympique Marseille,68,PSG,68,-1,0.6437366258741258,0.5151515151515151,0.7307692307692307,0.7307692307692307,71.43,0.7143,0.37499999999999994,0.25,0.37499999999999994,0.20303030303030303,0.5151515151515151,0.2818181818181818,3.26,3.71,2.01
france_ligue_1,7468432_2024/2025,57,Olympique Lyonnais,479,Auxerre,57,-1,0.7724650349650348,0.5727272727272728,0.7307692307692307,0.7307692307692307,100.0,1.0,0.37499999999999994,0.25,0.37499999999999994,0.33333333333333337,0.09393939393939393,0.5727272727272728,1.59,4.14,4.74
france_ligue_1,7468433_2024/2025,435,Montpellier,439,Toulouse,435,-1,0.719055944055944,0.4303030303030303,0.7307692307692307,0.7307692307692307,100.0,1.0,0.37499999999999994,0.25,0.37499999999999994,0.4212121212121212,0.1484848484848485,0.4303030303030303,2.89,3.49,2.27
france_ligue_1,7468434_2024/2025,480,Strasbourg,440,Nantes,480,-1,0.4826798076923076,0.4666666666666667,0.7307692307692307,0.7307692307692307,33.33,0.3333,0.37499999999999994,0.25,0.37499999999999994,0.37575757575757573,0.1575757575757576,0.4666666666666667,1.96,3.41,3.71
france_ligue_1,7468435_2024/2025,442,Rennes,493,Le Havre,442,-1,0.6167957167832168,0.49090909090909096,0.7307692307692307,0.7307692307692307,66.67,0.6667000000000001,0.37499999999999994,0.25,0.37499999999999994,0.3939393939393939,0.11515151515151514,0.49090909090909096,1.57,3.94,5.29
france_ligue_1,7468436_2024/2025,444,Angers SCO,434,Saint-Étienne,-1,-1,0.5491695804195804,0.42727272727272725,0.7307692307692307,0.7307692307692307,55.0,0.55,0.37499999999999994,0.25,0.37499999999999994,0.42727272727272725,0.2121212121212121,0.3606060606060606,2.28,3.25,2.83
france_ligue_1,7468437_2024/2025,451,Reims,491,Brest,-1,-1,0.6758616258741258,0.4818181818181818,0.7307692307692307,0.7307692307692307,83.33,0.8332999999999999,0.37499999999999994,0.25,0.37499999999999994,0.4818181818181818,0.08181818181818182,0.43636363636363634,2.31,3.35,2.94
kazakhstan_kazakhstan_premier_league,7364775_2024,5410,Ordabasy,698902,Zhenys,5410,-1,0.7340909090909089,0.7606060606060605,0.6704545454545454,0.6704545454545454,75.0,0.75,0.37499999999999994,0.25,0.37499999999999994,0.18181818181818182,0.05757575757575757,0.7606060606060605,1.24,4.23,8.41
kazakhstan_kazakhstan_premier_league,7364776_2024,81,Astana,983,Aktobe,983,-1,0.5858090909090908,0.47878787878787876,0.6704545454545454,0.6704545454545454,63.64,0.6364,0.37499999999999994,0.25,0.37499999999999994,0.26666666666666666,0.47878787878787876,0.2545454545454545,1.57,3.6,5
kazakhstan_kazakhstan_premier_league,7364777_2024,6842,Atyrau,959929,Yelimay Semey,6842,-1,0.5308238636363636,0.40606060606060607,0.6704545454545454,0.6704545454545454,56.25,0.5625,0.37499999999999994,0.25,0.37499999999999994,0.34545454545454546,0.24848484848484848,0.40606060606060607,2.34,3.02,2.48
kazakhstan_kazakhstan_premier_league,7364779_2024,994,Shakhter Karagandy,6844,Kyzyl-Zhar,-1,-1,0.5908965909090909,0.34545454545454546,0.6704545454545454,0.6704545454545454,78.33,0.7833,0.37499999999999994,0.25,0.37499999999999994,0.34545454545454546,0.3212121212121212,0.3333333333333333,3,3.25,2.15
kazakhstan_kazakhstan_premier_league,7364780_2024,6845,Zhetysu,5408,Kairat,5408,-1,0.5976806818181817,0.4545454545454546,0.6704545454545454,0.6704545454545454,69.23,0.6923,0.37499999999999994,0.25,0.37499999999999994,0.25757575757575757,0.4545454545454546,0.2878787878787879,6.5,3.6,1.53
kazakhstan_kazakhstan_premier_league,7364781_2024,673366,Turan Turkistan,6841,Kaisar,6841,-1,0.4838579545454545,0.38181818181818183,0.6704545454545454,0.6704545454545454,46.15,0.46149999999999997,0.37499999999999994,0.25,0.37499999999999994,0.33636363636363636,0.38181818181818183,0.2818181818181818,3.25,3.3,2
portugal_liga_pro,7502676_2024/2025,4835,Torreense,10708,Alverca,-1,-1,0.5797712703962704,0.44242424242424244,0.717948717948718,0.717948717948718,62.5,0.625,0.37499999999999994,0.25,0.37499999999999994,0.44242424242424244,0.2909090909090909,0.26666666666666666,2.06,3.17,3.45
portugal_liga_pro,7502677_2024/2025,1038,UD Oliveirense,165,GD Chaves,-1,-1,0.642839452214452,0.3606060606060606,0.717948717948718,0.717948717948718,87.5,0.875,0.37499999999999994,0.25,0.37499999999999994,0.3606060606060606,0.33939393939393936,0.3,3.14,3.19,2.19
portugal_liga_pro,7502678_2024/2025,4825,CD Mafra,4880,União de Leiria,4880,-1,0.5306235431235431,0.5363636363636364,0.717948717948718,0.717948717948718,40.0,0.4,0.37499999999999994,0.25,0.37499999999999994,0.30303030303030304,0.5363636363636364,0.16060606060606059,2.5,3,2.7
portugal_liga_pro,7502679_2024/2025,182,FC Penafiel,1032,Academico Viseu,182,-1,0.5726689976689976,0.4484848484848485,0.717948717948718,0.717948717948718,60.0,0.6,0.37499999999999994,0.25,0.37499999999999994,0.3,0.2515151515151515,0.4484848484848485,2.35,3.25,2.95
portugal_liga_pro,7502680_2024/2025,4821,Felgueiras 1932,177,CS Marítimo,177,-1,0.6607371794871795,0.5333333333333333,0.717948717948718,0.717948717948718,75.0,0.75,0.37499999999999994,0.25,0.37499999999999994,0.3242424242424242,0.5333333333333333,0.14242424242424243,2.33,3.18,2.91
portugal_liga_pro,7502681_2024/2025,1031,Benfica II,169,CD Tondela,1031,-1,0.6476564976689976,0.41515151515151516,0.717948717948718,0.717948717948718,83.33,0.8332999999999999,0.37499999999999994,0.25,0.37499999999999994,0.32727272727272727,0.25757575757575757,0.41515151515151516,2.08,3.3,3.28
portugal_liga_pro,7502682_2024/2025,173,Paços de Ferreira,4841,FC Vizela,4841,-1,0.7783508158508157,0.5969696969696969,0.717948717948718,0.717948717948718,100.0,1.0,0.37499999999999994,0.25,0.37499999999999994,0.2909090909090909,0.5969696969696969,0.11212121212121212,2.5,3.1,2.85
portugal_liga_pro,7502683_2024/2025,166,CD Feirense,1025,Portimonense,166,-1,0.5272144522144522,0.42727272727272725,0.717948717948718,0.717948717948718,50.0,0.5,0.37499999999999994,0.25,0.37499999999999994,0.3545454545454545,0.2181818181818182,0.42727272727272725,2.42,3.13,2.82
portugal_liga_pro,7502684_2024/2025,1030,Leixões,1037,Porto II,1030,-1,0.7658508158508157,0.5636363636363636,0.717948717948718,0.717948717948718,100.0,1.0,0.37499999999999994,0.25,0.37499999999999994,0.3181818181818182,0.11818181818181817,0.5636363636363636,1.91,3.1,3.19
switzerland_super_league,7467118_2024/2025,895,Lausanne Sport,892,Grasshopper,895,-1,0.787496416083916,0.6787878787878788,0.8461538461538461,0.8461538461538461,85.71,0.8571,0.37499999999999994,0.25,0.37499999999999994,0.2606060606060606,0.06060606060606061,0.6787878787878788,1.83,3.66,3.69
switzerland_super_league,7467119_2024/2025,903,Winterthur,79,Basel,-1,-1,0.7119645979020979,0.396969696969697,0.8461538461538461,0.8461538461538461,93.75,0.9375,0.37499999999999994,0.25,0.37499999999999994,0.396969696969697,0.3878787878787879,0.21515151515151515,3.74,3.71,1.8
switzerland_super_league,7467120_2024/2025,890,Luzern,1074,Yverdon Sport,890,-1,0.7146282342657342,0.6272727272727272,0.8461538461538461,0.8461538461538461,71.43,0.7143,0.37499999999999994,0.25,0.37499999999999994,0.3151515151515152,0.05757575757575757,0.6272727272727272,1.4,4.38,5.34
switzerland_super_league,7467121_2024/2025,889,Sion,891,St. Gallen,889,-1,0.6990259615384614,0.4666666666666667,0.8461538461538461,0.8461538461538461,83.33,0.8332999999999999,0.37499999999999994,0.25,0.37499999999999994,0.37272727272727274,0.1606060606060606,0.4666666666666667,2.19,3.5,2.58
switzerland_super_league,7467122_2024/2025,894,Lugano,94,Young Boys,894,-1,0.725162325174825,0.5363636363636364,0.8461538461538461,0.8461538461538461,83.33,0.8332999999999999,0.37499999999999994,0.25,0.37499999999999994,0.33939393939393936,0.12424242424242424,0.5363636363636364,2.2,3.5,2.86
switzerland_super_league,7467123_2024/2025,896,Zürich,898,Servette,896,-1,0.8013111888111888,0.5727272727272728,0.8461538461538461,0.8461538461538461,100.0,1.0,0.37499999999999994,0.25,0.37499999999999994,0.23939393939393938,0.18787878787878787,0.5727272727272728,2.3,3.35,2.82
