league_name,matchID,homeID,home_name,awayID,away_name,predictedTeam,our_prediction,winningTeam,betting_score,MCS,LTAS,normalized_LTAS,TTAS,normalized_TTAS,MCS_CW,LTAS_CW,TTAS_CW,date_unix,Prob_Draw,Prob_Away_Win,Prob_Home_Win,best_bookmaker,best_odd
albania_superliga,7526886_2024/2025,1380,Vllaznia Shkodër,970,Skënderbeu Korçë,1380,Home Win,-1,0.5151039393939394,0.48484848484848486,0.59375,0.59375,58.57,0.5857,0.7,0.0,0.3,1730649600,0.4696969696969697,0.045454545454545456,0.48484848484848486,Unknown,1.0
albania_superliga,7526887_2024/2025,62,Partizani Tirana,1379,Teuta Durrës,1379,Away Win,-1,0.48960181818181814,0.45454545454545453,0.59375,0.59375,57.14,0.5714,0.7,0.0,0.3,1730739600,0.3696969696969697,0.45454545454545453,0.17575757575757578,Unknown,1.0
albania_superliga,7526888_2024/2025,909634,AF Elbasani,1785,Dinamo Tirana,909634,Home Win,-1,0.5930369696969696,0.6424242424242423,0.59375,0.59375,47.78,0.4778,0.7,0.0,0.3,1730739600,0.28787878787878785,0.0696969696969697,0.6424242424242423,Unknown,1.0
albania_superliga,7526889_2024/2025,1388,Bylis Ballsh,1376,Laçi,-1,Draw,-1,0.5914059090909091,0.5272727272727273,0.59375,0.59375,74.10499999999999,0.7410499999999999,0.7,0.0,0.3,1730725200,0.5272727272727273,0.15454545454545454,0.3181818181818182,Unknown,1.0
albania_superliga,7526890_2024/2025,1789,Egnatia Rrogozhinë,1383,Tirana,1789,Home Win,-1,0.57714,0.6,0.59375,0.59375,52.38,0.5238,0.7,0.0,0.3,1730638800,0.24242424242424243,0.1575757575757576,0.6,Unknown,1.0
czech_republic_first_league,7468186_2024/2025,86,Sparta Praha,2432,Baník Ostrava,86,Home Win,-1,0.7610934848484847,0.7212121212121212,0.8405797101449275,0.8405797101449275,85.41499999999999,0.85415,0.7,0.0,0.3,1730570400,0.2,0.0787878787878788,0.7212121212121212,Dafabet,1.43
czech_republic_first_league,7468188_2024/2025,2426,Slovácko,77,Viktoria Plzeň,77,Away Win,-1,0.5655303030303029,0.47575757575757577,0.8405797101449275,0.8405797101449275,77.5,0.775,0.7,0.0,0.3,1730644200,0.31212121212121213,0.47575757575757577,0.21212121212121213,Unibet,2.05
czech_republic_first_league,7468189_2024/2025,2437,Hradec Králové,1213,Slavia Praha,1213,Away Win,-1,0.68667,0.6,0.8405797101449275,0.8405797101449275,88.89,0.8889,0.7,0.0,0.3,1730655000,0.2303030303030303,0.6,0.16969696969696968,Dafabet,1.41
czech_republic_first_league,7468191_2024/2025,2439,České Budějovice,2428,Slovan Liberec,2428,Away Win,-1,0.7056093939393939,0.6484848484848484,0.8405797101449275,0.8405797101449275,83.89,0.8389,0.7,0.0,0.3,1730635200,0.2,0.6484848484848484,0.1515151515151515,Pncl,2.01
france_ligue_2,7468965_2024/2025,452,Ajaccio,438,Metz,452,Home Win,-1,0.6875281818181818,0.6454545454545455,0.8333333333333334,0.8333333333333334,78.57,0.7857,0.7,0.0,0.3,1730749500,0.21818181818181817,0.13636363636363635,0.6454545454545455,Unknown,1.0
france_ligue_2,7468967_2024/2025,490,Clermont,448,Lorient,448,Away Win,-1,0.6217706060606061,0.5515151515151515,0.8333333333333334,0.8333333333333334,78.57,0.7857,0.7,0.0,0.3,1730487600,0.30606060606060603,0.5515151515151515,0.14242424242424243,Sbo,1.91
france_ligue_2,7468969_2024/2025,494,Paris,1399,Rodez,494,Home Win,-1,0.7539393939393939,0.6484848484848484,0.8333333333333334,0.8333333333333334,100.0,1.0,0.7,0.0,0.3,1730487600,0.21515151515151515,0.13636363636363635,0.6484848484848484,Dafabet,1.73
france_ligue_2,7468970_2024/2025,436,Guingamp,1398,Grenoble Foot 38,436,Home Win,-1,0.7160984848484848,0.6212121212121212,0.8333333333333334,0.8333333333333334,93.75,0.9375,0.7,0.0,0.3,1730574000,0.26666666666666666,0.11212121212121212,0.6212121212121212,Sbo,1.85
france_ligue_2,7468971_2024/2025,3897,Annecy,1402,Pau,3897,Home Win,-1,0.6517045454545454,0.6363636363636364,0.8333333333333334,0.8333333333333334,68.75,0.6875,0.7,0.0,0.3,1730487600,0.296969696969697,0.06666666666666667,0.6363636363636364,Dafabet,2.44
france_ligue_2,7468972_2024/2025,1390,Dunkerque,481,Amiens SC,1390,Home Win,-1,0.8178804545454545,0.7636363636363637,0.8333333333333334,0.8333333333333334,94.445,0.9444499999999999,0.7,0.0,0.3,1730487600,0.21515151515151515,0.02121212121212121,0.7636363636363637,Betway,2.38
france_ligue_2,7468973_2024/2025,3874,Martigues,485,Red Star,-1,Draw,-1,0.5912972727272726,0.5181818181818181,0.8333333333333334,0.8333333333333334,76.19,0.7619,0.7,0.0,0.3,1730487600,0.5181818181818181,0.22727272727272727,0.2545454545454545,Marathon,3.36
latvia_virsliga,7364968_2024,7050,Grobiņa,1090,Rīgas FS,1090,Away Win,-1,0.8410054545454544,0.8636363636363635,0.7478260869565218,0.7478260869565218,78.82,0.7881999999999999,0.7,0.0,0.3,1730631600,0.11515151515151514,0.8636363636363635,0.021212121212121213,BetClic,1.1
latvia_virsliga,7364969_2024,1089,Riga,1088,Metta - LU,1089,Home Win,-1,0.8592713636363636,0.8909090909090909,0.7478260869565218,0.7478260869565218,78.545,0.78545,0.7,0.0,0.3,1730631600,0.07878787878787878,0.0303030303030303,0.8909090909090909,bet365,1.1
latvia_virsliga,7364971_2024,1091,BFC Daugavpils,6910,Valmiera / BSS,6910,Away Win,-1,0.6848478787878787,0.6696969696969697,0.7478260869565218,0.7478260869565218,72.02,0.7202,0.7,0.0,0.3,1730631600,0.20606060606060606,0.6696969696969697,0.12424242424242424,Pncl,1.37
romania_liga_i,7486606_2024/2025,669562,SCM Gloria Buzău,6622,CFR Cluj,6622,Away Win,-1,0.5803080303030304,0.5575757575757576,0.6086956521739131,0.6086956521739131,63.335,0.63335,0.7,0.0,0.3,1730487600,0.2,0.5575757575757576,0.24242424242424243,Unibet,1.6
romania_liga_i,7486610_2024/2025,5400,Dinamo Bucureşti,6653,UTA Arad,5400,Home Win,-1,0.6106439393939394,0.6848484848484848,0.6086956521739131,0.6086956521739131,43.75,0.4375,0.7,0.0,0.3,1730574000,0.18484848484848487,0.1303030303030303,0.6848484848484848,Pncl,1.97
romania_liga_i,7486613_2024/2025,13181,Rapid Bucureşti,6638,Hermannstadt,13181,Home Win,-1,0.5482343939393939,0.5484848484848485,0.6086956521739131,0.6086956521739131,54.765,0.54765,0.7,0.0,0.3,1730746800,0.3727272727272727,0.0787878787878788,0.5484848484848485,Unknown,1.0
romania_liga_i,7486620_2024/2025,10306,Universitatea Cluj,10305,SSC Farul,10306,Home Win,-1,0.697885606060606,0.7515151515151515,0.6086956521739131,0.6086956521739131,57.275,0.57275,0.7,0.0,0.3,1730642400,0.17575757575757575,0.07272727272727272,0.7515151515151515,1xbet,1.93
turkey_super_lig,7516380_2024/2025,109,Beşiktaş,197,Kasımpaşa,109,Home Win,-1,0.6875281818181818,0.6454545454545455,0.7352941176470589,0.7352941176470589,78.57,0.7857,0.7,0.0,0.3,1730563200,0.17878787878787877,0.17575757575757575,0.6454545454545455,1xbet,1.62
turkey_super_lig,7516382_2024/2025,193,Kayserispor,349,Adana Demirspor,193,Home Win,-1,0.49040257575757573,0.4939393939393939,0.7352941176470589,0.7352941176470589,48.215,0.48215,0.7,0.0,0.3,1730552400,0.30606060606060603,0.2,0.4939393939393939,1xbet,1.65
turkey_super_lig,7516384_2024/2025,185,Trabzonspor,105,Fenerbahçe,105,Away Win,-1,0.5852316666666666,0.5666666666666667,0.7352941176470589,0.7352941176470589,62.855,0.6285499999999999,0.7,0.0,0.3,1730649600,0.2787878787878788,0.5666666666666667,0.15454545454545454,1xbet,1.85
turkey_super_lig,7516386_2024/2025,10639,Eyüpspor,10059,Hatayspor,10639,Home Win,-1,0.7405584848484847,0.7212121212121212,0.7352941176470589,0.7352941176470589,78.57,0.7857,0.7,0.0,0.3,1730638800,0.22424242424242424,0.05454545454545455,0.7212121212121212,1xbet,1.79
turkey_super_lig,7516387_2024/2025,355,Gazişehir Gaziantep,357,Göztepe,355,Home Win,-1,0.5752316666666666,0.4666666666666667,0.7352941176470589,0.7352941176470589,82.85499999999999,0.8285499999999999,0.7,0.0,0.3,1730480400,0.39090909090909093,0.14242424242424243,0.4666666666666667,1xbet,2.47
armenia_armenian_premier_league,7717716_2024/2025,1360,Artsakh,671668,Van,1360,Home Win,-1,0.6887928787878788,0.6696969696969697,0.7894736842105263,0.7894736842105263,73.33500000000001,0.7333500000000001,0.7,0.0,0.3,1729436400,0.20303030303030303,0.1272727272727273,0.6696969696969697,1xbet,1.49
armenia_armenian_premier_league,7717717_2024/2025,671667,West Armenia,884,Banants,884,Away Win,-1,0.7168889393939393,0.6848484848484848,0.7894736842105263,0.7894736842105263,79.16499999999999,0.79165,0.7,0.0,0.3,1729522800,0.22424242424242424,0.6848484848484848,0.09090909090909091,Unknown,1.0
armenia_armenian_premier_league,7717718_2024/2025,883,Shirak,1362,FC Avan Academy,1362,Away Win,-1,0.8900378787878787,0.8696969696969696,0.7894736842105263,0.7894736842105263,93.75,0.9375,0.7,0.0,0.3,1729609200,0.09393939393939393,0.8696969696969696,0.03636363636363636,Unknown,1.0
armenia_armenian_premier_league,7717719_2024/2025,792998,Gandzasar,96,Alashkert,96,Away Win,-1,0.5474242424242424,0.4606060606060606,0.7894736842105263,0.7894736842105263,75.0,0.75,0.7,0.0,0.3,1729684800,0.4,0.4606060606060606,0.1393939393939394,Unknown,1.0
armenia_armenian_premier_league,7717720_2024/2025,671669,BKMA,882,Pyunik,882,Away Win,-1,0.6834134848484847,0.6212121212121212,0.7894736842105263,0.7894736842105263,82.85499999999999,0.8285499999999999,0.7,0.0,0.3,1729692000,0.24545454545454548,0.6212121212121212,0.13333333333333333,Unknown,1.0
denmark_superliga,7452333_2024/2025,2516,AGF,2525,Lyngby,2516,Home Win,-1,0.7657901515151514,0.7878787878787878,0.76,0.76,71.425,0.7142499999999999,0.7,0.0,0.3,1730646000,0.1606060606060606,0.051515151515151514,0.7878787878787878,1xbet,1.47
denmark_superliga,7452334_2024/2025,55,København,2522,Silkeborg,55,Home Win,-1,0.5621203030303029,0.5757575757575757,0.76,0.76,53.03,0.5303,0.7,0.0,0.3,1730743200,0.28484848484848485,0.1393939393939394,0.5757575757575757,1xbet,1.45
denmark_superliga,7452335_2024/2025,986,Nordsjælland,2526,Viborg,986,Home Win,-1,0.6661396969696969,0.6242424242424243,0.76,0.76,76.39,0.7639,0.7,0.0,0.3,1730638800,0.2545454545454545,0.12121212121212122,0.6242424242424243,1xbet,1.65
denmark_superliga,7452336_2024/2025,974,AaB,3647,Vejle,974,Home Win,-1,0.6578787878787878,0.5969696969696969,0.76,0.76,80.0,0.8,0.7,0.0,0.3,1730653200,0.3393939393939394,0.06363636363636364,0.5969696969696969,1xbet,2.01
denmark_superliga,7452337_2024/2025,955,Midtjylland,2517,Brøndby,955,Home Win,-1,0.7570471212121213,0.7303030303030303,0.76,0.76,81.945,0.8194499999999999,0.7,0.0,0.3,1730638800,0.14545454545454545,0.12424242424242424,0.7303030303030303,Pncl,2.4
denmark_superliga,7452338_2024/2025,2519,SønderjyskE,2521,Randers,2521,Away Win,-1,0.5962121212121212,0.5303030303030303,0.76,0.76,75.0,0.75,0.7,0.0,0.3,1730563200,0.29393939393939394,0.5303030303030303,0.17575757575757575,10Bet,2.1
england_premier_league,7466767_2024/2025,148,AFC Bournemouth,93,Manchester City,-1,Draw,-1,0.5950995454545455,0.5363636363636364,0.75,0.75,73.215,0.7321500000000001,0.7,0.0,0.3,1730559600,0.5363636363636364,0.3787878787878788,0.08484848484848484,NordicBet,4.6
england_premier_league,7466770_2024/2025,151,Liverpool,209,Brighton & Hove Albion,151,Home Win,-1,0.5662922727272727,0.5181818181818182,0.75,0.75,67.85499999999999,0.6785499999999999,0.7,0.0,0.3,1730559600,0.24545454545454543,0.2363636363636364,0.5181818181818182,WilliamHill,1.44
england_premier_league,7466771_2024/2025,149,Manchester United,152,Chelsea,152,Away Win,-1,0.5328080303030303,0.4575757575757576,0.75,0.75,70.83500000000001,0.70835,0.7,0.0,0.3,1730651400,0.3696969696969697,0.4575757575757576,0.17272727272727273,bet365,2.6
england_premier_league,7466769_2024/2025,220,Ipswich Town,108,Leicester City,108,Away Win,-1,0.5671162121212121,0.503030303030303,0.75,0.75,71.66499999999999,0.7166499999999999,0.7,0.0,0.3,1730559600,0.2212121212121212,0.503030303030303,0.27575757575757576,WilliamHill,3.2
england_premier_league,7466775_2024/2025,92,Tottenham Hotspur,158,Aston Villa,158,Away Win,-1,0.5922019696969697,0.5424242424242425,0.75,0.75,70.83500000000001,0.70835,0.7,0.0,0.3,1730642400,0.31212121212121213,0.5424242424242425,0.14545454545454545,1xbet,3.75
england_premier_league,7466772_2024/2025,157,Newcastle United,59,Arsenal,59,Away Win,-1,0.4895454545454545,0.4636363636363636,0.75,0.75,55.0,0.55,0.7,0.0,0.3,1730550600,0.2727272727272727,0.4636363636363636,0.26363636363636367,1xbet,2.0
england_premier_league,7466768_2024/2025,162,Fulham,218,Brentford,162,Home Win,-1,0.6164015151515151,0.47878787878787876,0.75,0.75,93.75,0.9375,0.7,0.0,0.3,1730750400,0.42727272727272725,0.09393939393939393,0.47878787878787876,Unknown,1.0
england_premier_league,7466774_2024/2025,146,Southampton,144,Everton,144,Away Win,-1,0.7451515151515151,0.6787878787878787,0.75,0.75,90.0,0.9,0.7,0.0,0.3,1730559600,0.17575757575757575,0.6787878787878787,0.14545454545454545,Interwetten,2.75
germany_2_bundesliga,7491580_2024/2025,36,Hamburger SV,127,Nürnberg,36,Home Win,-1,0.613181818181818,0.5545454545454545,0.7540983606557377,0.7540983606557377,75.0,0.75,0.7,0.0,0.3,1730637000,0.2696969696969697,0.17575757575757575,0.5545454545454545,1xbet,1.57
germany_2_bundesliga,7491581_2024/2025,52,Hannover 96,547,Karlsruher SC,52,Home Win,-1,0.6615201515151514,0.5878787878787879,0.7540983606557377,0.7540983606557377,83.33500000000001,0.83335,0.7,0.0,0.3,1730548800,0.2727272727272727,0.1393939393939394,0.5878787878787879,bwin,2.1
germany_2_bundesliga,7491582_2024/2025,53,Paderborn,128,Eintracht Braunschweig,53,Home Win,-1,0.7302980303030302,0.7575757575757576,0.7540983606557377,0.7540983606557377,66.66499999999999,0.66665,0.7,0.0,0.3,1730637000,0.18484848484848485,0.05757575757575757,0.7575757575757576,1xbet,1.71
germany_2_bundesliga,7491585_2024/2025,542,Kaiserslautern,558,Magdeburg,558,Away Win,-1,0.6911645454545454,0.7363636363636363,0.7540983606557377,0.7540983606557377,58.57,0.5857,0.7,0.0,0.3,1730637000,0.17575757575757575,0.7363636363636363,0.08787878787878789,Unibet,3.0
germany_2_bundesliga,7491586_2024/2025,6810,Ulm,35,Schalke 04,35,Away Win,-1,0.5590389393939393,0.48484848484848486,0.7540983606557377,0.7540983606557377,73.215,0.7321500000000001,0.7,0.0,0.3,1730482200,0.3090909090909091,0.48484848484848486,0.20606060606060606,Pncl,2.85
germany_2_bundesliga,7491587_2024/2025,556,Preußen Münster,545,Fortuna Düsseldorf,545,Away Win,-1,0.8363636363636363,0.8090909090909091,0.7540983606557377,0.7540983606557377,90.0,0.9,0.7,0.0,0.3,1730482200,0.08484848484848484,0.8090909090909091,0.10606060606060606,Dafabet,2.07
germany_2_bundesliga,7491588_2024/2025,563,Jahn Regensburg,6326,Elversberg,6326,Away Win,-1,0.5611601515151515,0.48787878787878786,0.7540983606557377,0.7540983606557377,73.215,0.7321500000000001,0.7,0.0,0.3,1730548800,0.36363636363636365,0.48787878787878786,0.1484848484848485,Pncl,2.0
moldova_moldovan_national_division,7515096_2024/2025,7706,Zimbru,677073,Dacia-Buiucani,7706,Home Win,-1,0.646780303030303,0.5757575757575757,0.78125,0.78125,81.25,0.8125,0.7,0.0,0.3,1730642400,0.30606060606060603,0.11818181818181817,0.5757575757575757,Unknown,1.0
moldova_moldovan_national_division,7515098_2024/2025,964,Milsami,60,Sheriff,60,Away Win,-1,0.6578871212121212,0.6303030303030304,0.78125,0.78125,72.225,0.72225,0.7,0.0,0.3,1730556000,0.24545454545454545,0.6303030303030304,0.12424242424242424,Unknown,1.0
moldova_moldovan_national_division,7515099_2024/2025,686262,CSF Bălți,677066,Floreşti,686262,Home Win,-1,0.7721278787878788,0.7696969696969698,0.78125,0.78125,77.78,0.7778,0.7,0.0,0.3,1730635200,0.17272727272727273,0.05757575757575757,0.7696969696969698,Unknown,1.0
scotland_premiership,7480198_2024/2025,23,Celtic,1018,Dundee United,23,Home Win,-1,0.7853268181818183,0.7545454545454546,0.9117647058823529,0.9117647058823529,85.715,0.8571500000000001,0.7,0.0,0.3,1736365500,0.18787878787878787,0.05757575757575757,0.7545454545454546,Unknown,1.0
scotland_premiership,7480199_2024/2025,28,Dundee,24,Rangers,24,Away Win,-1,0.616060606060606,0.45151515151515154,0.9117647058823529,0.9117647058823529,100.0,1.0,0.7,0.0,0.3,1736452800,0.2787878787878788,0.45151515151515154,0.26969696969696966,Unknown,1.0
scotland_premiership,7480200_2024/2025,1017,Hibernian,25,Aberdeen,25,Away Win,-1,0.8048484848484847,0.7212121212121212,0.9117647058823529,0.9117647058823529,100.0,1.0,0.7,0.0,0.3,1732650300,0.19696969696969696,0.7212121212121212,0.08181818181818182,Unknown,1.0
scotland_premiership,7480201_2024/2025,21,Kilmarnock,30,Motherwell,30,Away Win,-1,0.5428787878787878,0.49696969696969695,0.9117647058823529,0.9117647058823529,65.0,0.65,0.7,0.0,0.3,1736365500,0.3,0.49696969696969695,0.20303030303030303,Unknown,1.0
scotland_premiership,7480203_2024/2025,1019,St. Mirren,31,Ross County,1019,Home Win,-1,0.603030303030303,0.47575757575757577,0.9117647058823529,0.9117647058823529,90.0,0.9,0.7,0.0,0.3,1730559600,0.36666666666666664,0.1575757575757576,0.47575757575757577,Unknown,1.0
ukraine_ukrainian_premier_league,7485266_2024/2025,1682,Oleksandria,1718,Polessya,1682,Home Win,-1,0.5540563636363636,0.49090909090909085,0.7096774193548387,0.7096774193548387,70.14,0.7014,0.7,0.0,0.3,1730640600,0.28484848484848485,0.22424242424242424,0.49090909090909085,1xbet,2.57
ukraine_ukrainian_premier_league,7485267_2024/2025,1678,Vorskla,1699,Kolos Kovalivka,1678,Home Win,-1,0.5538918181818182,0.45454545454545453,0.7096774193548387,0.7096774193548387,78.57,0.7857,0.7,0.0,0.3,1730631600,0.4212121212121212,0.12424242424242424,0.45454545454545453,1xbet,2.92
ukraine_ukrainian_premier_league,7485270_2024/2025,1697,Inhulets,123,Dynamo Kyiv,123,Away Win,-1,0.728172121212121,0.7303030303030302,0.7096774193548387,0.7096774193548387,72.32,0.7232,0.7,0.0,0.3,1746223200,0.23636363636363636,0.7303030303030302,0.03333333333333333,Unknown,1.0
ukraine_ukrainian_premier_league,7485273_2024/2025,1681,Zorya,703686,LNZ Cherkasy,1681,Home Win,-1,0.588030303030303,0.47575757575757577,0.7096774193548387,0.7096774193548387,85.0,0.85,0.7,0.0,0.3,1730736000,0.3787878787878788,0.14545454545454545,0.47575757575757577,Unknown,1.0
ukraine_ukrainian_premier_league,7485274_2024/2025,1700,Obolon-Brovar,10063,Veres Rivne,10063,Away Win,-1,0.57857,0.5,0.7096774193548387,0.7096774193548387,76.19,0.7619,0.7,0.0,0.3,1730718000,0.30606060606060603,0.5,0.19393939393939394,Unknown,1.0
ukraine_ukrainian_premier_league,7485276_2024/2025,80,Shakhtar Donetsk,1674,Chornomorets,80,Home Win,-1,0.7997295454545454,0.8363636363636364,0.7096774193548387,0.7096774193548387,71.425,0.7142499999999999,0.7,0.0,0.3,1730563200,0.12121212121212122,0.04242424242424242,0.8363636363636364,1xbet,1.12
austria_bundesliga,7482735_2024/2025,100,Salzburg,3410,Grazer AK,100,Home Win,-1,0.8779656060606059,0.9515151515151514,0.7333333333333333,0.7333333333333333,70.63499999999999,0.7063499999999999,0.7,0.0,0.3,1730563200,0.030303030303030304,0.01818181818181818,0.9515151515151514,Dafabet,1.26
austria_bundesliga,7482737_2024/2025,579,Austria Wien,593,Blau-Weiß Linz,579,Home Win,-1,0.8477316666666667,0.8666666666666667,0.7333333333333333,0.7333333333333333,80.35499999999999,0.8035499999999999,0.7,0.0,0.3,1730649600,0.10909090909090909,0.024242424242424242,0.8666666666666667,Sbo,1.81
austria_bundesliga,7482738_2024/2025,582,Sturm Graz,583,Rapid Wien,582,Home Win,-1,0.668565606060606,0.6515151515151515,0.7333333333333333,0.7333333333333333,70.83500000000001,0.70835,0.7,0.0,0.3,1730563200,0.26666666666666666,0.08181818181818182,0.6515151515151515,Pncl,2.36
austria_bundesliga,7482739_2024/2025,598,Austria Klagenfurt,581,Wolfsberger AC,581,Away Win,-1,0.6333383333333333,0.6333333333333333,0.7333333333333333,0.7333333333333333,63.335,0.63335,0.7,0.0,0.3,1730640600,0.23939393939393938,0.6333333333333333,0.1272727272727273,bet365,2.3
estonia_meistriliiga,7325303_2024,1645,Kuressaare,988,Nõmme Kalju,988,Away Win,-1,0.6762766666666666,0.6666666666666666,0.7194244604316546,0.7194244604316546,69.87,0.6987000000000001,0.7,0.0,0.3,1730543400,0.24545454545454543,0.6666666666666666,0.08787878787878788,Dafabet,1.51
estonia_meistriliiga,7325306_2024,7034,Nõmme United,1635,Paide,1635,Away Win,-1,0.869089696969697,0.9242424242424243,0.7194244604316546,0.7194244604316546,74.03999999999999,0.7404,0.7,0.0,0.3,1730629800,0.04242424242424242,0.9242424242424243,0.03333333333333333,BetClic,1.17
estonia_meistriliiga,7325307_2024,965,Tallinna FC Levadia,88,Tallinna FC Flora,965,Home Win,-1,0.6141878787878787,0.5696969696969697,0.7194244604316546,0.7194244604316546,71.80000000000001,0.7180000000000001,0.7,0.0,0.3,1730637000,0.28484848484848485,0.14545454545454545,0.5696969696969697,Pncl,1.83
germany_bundesliga,7491886_2024/2025,40,Bayer Leverkusen,51,Stuttgart,40,Home Win,-1,0.5334898484848485,0.5121212121212121,0.7321428571428571,0.7321428571428571,58.335,0.58335,0.7,0.0,0.3,1730489400,0.33939393939393936,0.1484848484848485,0.5121212121212121,1xbet,1.61
germany_bundesliga,7491887_2024/2025,38,Bayern München,541,Union Berlin,38,Home Win,-1,0.6659328787878788,0.6696969696969697,0.7321428571428571,0.7321428571428571,65.715,0.65715,0.7,0.0,0.3,1730557800,0.2121212121212121,0.11818181818181817,0.6696969696969697,Marathon,1.22
germany_bundesliga,7491889_2024/2025,44,Eintracht Frankfurt,540,Bochum,44,Home Win,-1,0.6307050000000001,0.6000000000000001,0.7321428571428571,0.7321428571428571,70.235,0.70235,0.7,0.0,0.3,1730557800,0.3696969696969697,0.030303030303030304,0.6000000000000001,1xbet,1.36
germany_bundesliga,7491890_2024/2025,49,Hoffenheim,548,St. Pauli,49,Home Win,-1,0.6511645454545454,0.6363636363636364,0.7321428571428571,0.7321428571428571,68.57,0.6857,0.7,0.0,0.3,1730557800,0.25151515151515147,0.11212121212121212,0.6363636363636364,1xbet,1.92
germany_bundesliga,7491893_2024/2025,39,Borussia M'gladbach,37,Werder Bremen,37,Away Win,-1,0.6939393939393939,0.6484848484848484,0.7321428571428571,0.7321428571428571,80.0,0.8,0.7,0.0,0.3,1730651400,0.16969696969696968,0.6484848484848484,0.18181818181818182,Unibet,3.3
germany_bundesliga,7491894_2024/2025,566,Holstein Kiel,552,Heidenheim,-1,Draw,-1,0.6327222727272727,0.6181818181818182,0.7321428571428571,0.7321428571428571,66.66499999999999,0.66665,0.7,0.0,0.3,1730557800,0.6181818181818182,0.2727272727272727,0.1090909090909091,1xbet,3.62
serbia_superliga,7453786_2024/2025,673425,Jedinstvo Ub,1941,OFK Beograd,1941,Away Win,-1,0.7810984848484848,0.8212121212121212,0.8169014084507042,0.8169014084507042,68.75,0.6875,0.7,0.0,0.3,1730642400,0.12121212121212122,0.8212121212121212,0.05757575757575757,1xbet,1.57
serbia_superliga,7453787_2024/2025,70,Red Star Belgrade,1933,Vojvodina,70,Home Win,-1,0.7172660606060605,0.7151515151515151,0.8169014084507042,0.8169014084507042,72.22,0.7222,0.7,0.0,0.3,1730566800,0.2181818181818182,0.06666666666666667,0.7151515151515151,1xbet,1.24
serbia_superliga,7453788_2024/2025,13002,Mladost Lučani,1934,Spartak Subotica,13002,Home Win,-1,0.7209865151515151,0.6787878787878788,0.8169014084507042,0.8169014084507042,81.945,0.8194499999999999,0.7,0.0,0.3,1730734200,0.23636363636363633,0.08484848484848484,0.6787878787878788,Unknown,1.0
serbia_superliga,7453790_2024/2025,1939,Novi Pazar,673397,IMT Novi Beograd,1939,Home Win,-1,0.6939393939393939,0.6484848484848484,0.8169014084507042,0.8169014084507042,80.0,0.8,0.7,0.0,0.3,1730552400,0.29393939393939394,0.05757575757575757,0.6484848484848484,1xbet,1.92
serbia_superliga,7453791_2024/2025,1937,Čukarički,673437,Železničar Pančevo,1937,Home Win,-1,0.5724292424242423,0.4606060606060606,0.8169014084507042,0.8169014084507042,83.33500000000001,0.83335,0.7,0.0,0.3,1730741400,0.23939393939393938,0.3,0.4606060606060606,Unknown,1.0
serbia_superliga,7453792_2024/2025,1950,Bačka Topola,957,Partizan,957,Away Win,-1,0.6066733333333333,0.5333333333333333,0.8169014084507042,0.8169014084507042,77.78,0.7778,0.7,0.0,0.3,1730658600,0.30303030303030304,0.5333333333333333,0.16363636363636364,BetClic,2.66
serbia_superliga,7453793_2024/2025,1942,Radnički Kragujevac,1932,Napredak,1942,Home Win,-1,0.5752316666666666,0.4666666666666667,0.8169014084507042,0.8169014084507042,82.85499999999999,0.8285499999999999,0.7,0.0,0.3,1730649600,0.31212121212121213,0.2212121212121212,0.4666666666666667,NordicBet,1.52
azerbaijan_premyer_liqasi,7553672_2024/2025,911,İnter Bakı,910,Zira,910,Away Win,-1,0.6384040909090909,0.5727272727272728,0.7619047619047619,0.7619047619047619,79.16499999999999,0.79165,0.7,0.0,0.3,1730545200,0.34545454545454546,0.5727272727272728,0.08181818181818182,Pncl,1.72
azerbaijan_premyer_liqasi,7553708_2024/2025,3043,Turan,75,Qarabağ,75,Away Win,-1,0.5707213636363636,0.49090909090909096,0.7619047619047619,0.7619047619047619,75.695,0.7569499999999999,0.7,0.0,0.3,1730471400,0.23333333333333334,0.49090909090909096,0.27575757575757576,bet365,1.38
azerbaijan_premyer_liqasi,7553709_2024/2025,908,Kapaz,1057,Sabail FK,-1,Draw,-1,0.6157575757575757,0.49393939393939396,0.7619047619047619,0.7619047619047619,90.0,0.9,0.7,0.0,0.3,1730635200,0.49393939393939396,0.2272727272727273,0.2787878787878788,bet365,3.6
azerbaijan_premyer_liqasi,7553710_2024/2025,912,Sumqayıt,3041,Sabah,3041,Away Win,-1,0.646969696969697,0.6242424242424243,0.7619047619047619,0.7619047619047619,70.0,0.7,0.7,0.0,0.3,1730646000,0.27575757575757576,0.6242424242424243,0.09999999999999999,Pncl,1.83
azerbaijan_premyer_liqasi,7553711_2024/2025,913,Neftçi,918,Araz,918,Away Win,-1,0.593805,0.6,0.7619047619047619,0.7619047619047619,57.935,0.57935,0.7,0.0,0.3,1730478600,0.24545454545454548,0.6,0.15454545454545454,Tipico,2.95
greece_super_league,7537351_2024/2025,1107,Asteras Tripolis,5130,OFI,5130,Away Win,-1,0.6383712121212121,0.703030303030303,0.6666666666666666,0.6666666666666666,48.75,0.4875,0.7,0.0,0.3,1730734200,0.1939393939393939,0.703030303030303,0.10303030303030303,Unknown,1.0
greece_super_league,7537352_2024/2025,5132,Kallithea,1103,Panaitolikos,1103,Away Win,-1,0.646240909090909,0.6272727272727272,0.6666666666666666,0.6666666666666666,69.05000000000001,0.6905000000000001,0.7,0.0,0.3,1730572200,0.2363636363636364,0.6272727272727272,0.13636363636363635,Pncl,3.1
greece_super_league,7537353_2024/2025,5131,Aris,1108,Levadiakos,5131,Home Win,-1,0.7598910606060606,0.8151515151515152,0.6666666666666666,0.6666666666666666,63.095,0.63095,0.7,0.0,0.3,1730644200,0.15454545454545454,0.0303030303030303,0.8151515151515152,1xbet,1.56
greece_super_league,7537355_2024/2025,5199,Volos NFC,960,Panathinaikos,960,Away Win,-1,0.6315909090909091,0.5272727272727273,0.6666666666666666,0.6666666666666666,87.5,0.875,0.7,0.0,0.3,1730646000,0.30606060606060603,0.5272727272727273,0.16666666666666666,1xbet,1.54
greece_super_league,7537356_2024/2025,116,Olympiakos Piraeus,5138,Panserraikos,116,Home Win,-1,0.648915606060606,0.6515151515151516,0.6666666666666666,0.6666666666666666,64.285,0.6428499999999999,0.7,0.0,0.3,1730559600,0.2606060606060606,0.08787878787878788,0.6515151515151516,bet365,1.17
greece_super_league,7537357_2024/2025,1104,Lamia,106,PAOK,106,Away Win,-1,0.8724192424242423,0.9606060606060606,0.6666666666666666,0.6666666666666666,66.66499999999999,0.66665,0.7,0.0,0.3,1730658600,0.030303030303030304,0.9606060606060606,0.00909090909090909,Dafabet,1.38
netherlands_eredivisie,7466087_2024/2025,367,Feyenoord,120,Ajax,367,Home Win,-1,0.541060606060606,0.45151515151515154,0.8032786885245902,0.8032786885245902,75.0,0.75,0.7,0.0,0.3,1730307600,0.38181818181818183,0.16666666666666669,0.45151515151515154,NordicBet,2.12
slovakia_super_lig,7580341_2024/2025,2004,Skalica,982,Slovan Bratislava,982,Away Win,-1,0.8027651515151514,0.7878787878787878,0.7441860465116279,0.7441860465116279,83.75,0.8375,0.7,0.0,0.3,1730307600,0.18484848484848485,0.7878787878787878,0.02727272727272727,Unknown,1.0
slovakia_super_lig,7580342_2024/2025,2010,Spartak Trnava,2029,Komárno,2010,Home Win,-1,0.5643939393939393,0.48484848484848486,0.7441860465116279,0.7441860465116279,75.0,0.75,0.7,0.0,0.3,1730307600,0.28787878787878785,0.22727272727272727,0.48484848484848486,Unknown,1.0
belgium_pro_league,7453523_2024/2025,61,RSC Anderlecht,536,KV Kortrijk,61,Home Win,-1,0.5940010606060606,0.6151515151515152,0.7666666666666667,0.7666666666666667,54.465,0.5446500000000001,0.7,0.0,0.3,1730655000,0.23030303030303031,0.15454545454545454,0.6151515151515152,1xbet,1.47
belgium_pro_league,7453524_2024/2025,533,KRC Genk,1048,Royal Antwerp FC,533,Home Win,-1,0.7671162121212121,0.7030303030303031,0.7666666666666667,0.7666666666666667,91.66499999999999,0.91665,0.7,0.0,0.3,1730637000,0.21212121212121213,0.08484848484848484,0.7030303030303031,bwin,1.98
belgium_pro_league,7453525_2024/2025,527,Standard Liège,532,Sint-Truiden,527,Home Win,-1,0.6412121212121211,0.5303030303030303,0.7666666666666667,0.7666666666666667,90.0,0.9,0.7,0.0,0.3,1730559600,0.3181818181818182,0.15151515151515152,0.5303030303030303,10Bet,2.25
belgium_pro_league,7453526_2024/2025,2567,Cercle Brugge,529,Sporting Charleroi,-1,Draw,-1,0.5131580303030302,0.4575757575757575,0.7666666666666667,0.7666666666666667,64.285,0.6428499999999999,0.7,0.0,0.3,1730646000,0.4575757575757575,0.16666666666666669,0.37575757575757573,1xbet,3.53
belgium_pro_league,7453528_2024/2025,537,KV Mechelen,2572,Union Saint-Gilloise,537,Home Win,-1,0.6178690909090909,0.5727272727272728,0.7666666666666667,0.7666666666666667,72.32,0.7232,0.7,0.0,0.3,1730576700,0.3242424242424242,0.10303030303030303,0.5727272727272728,Unibet,3.85
belgium_pro_league,7453529_2024/2025,534,KVC Westerlo,669388,FCV Dender EH,669388,Away Win,-1,0.5288868181818182,0.4545454545454546,0.7666666666666667,0.7666666666666667,70.235,0.70235,0.7,0.0,0.3,1730490300,0.30303030303030304,0.4545454545454546,0.24242424242424243,Betfair,4.2
belgium_pro_league,7454755_2024/2025,2568,Beerschot-Wilrijk,525,KAA Gent,525,Away Win,-1,0.7515151515151516,0.687878787878788,0.7666666666666667,0.7666666666666667,90.0,0.9,0.7,0.0,0.3,1730657700,0.19090909090909092,0.687878787878788,0.12121212121212122,bwin,1.8
england_championship,7478888_2024/2025,216,Blackburn Rovers,251,Sheffield United,216,Home Win,-1,0.671520606060606,0.6515151515151515,0.6990291262135923,0.6990291262135923,71.82,0.7182,0.7,0.0,0.3,1730550600,0.2303030303030303,0.1181818181818182,0.6515151515151515,Dafabet,2.9
england_championship,7478891_2024/2025,222,Leeds United,264,Plymouth Argyle,222,Home Win,-1,0.7806536363636363,0.8090909090909091,0.6990291262135923,0.6990291262135923,71.43,0.7143,0.7,0.0,0.3,1730559600,0.1575757575757576,0.03333333333333333,0.8090909090909091,Dafabet,1.21
england_championship,7478892_2024/2025,271,Luton Town,142,West Bromwich Albion,142,Away Win,-1,0.7021946969696969,0.7242424242424242,0.6990291262135923,0.6990291262135923,65.07499999999999,0.6507499999999999,0.7,0.0,0.3,1730491200,0.20606060606060606,0.7242424242424242,0.0696969696969697,Dafabet,2.9
england_championship,7478893_2024/2025,147,Middlesbrough,239,Coventry City,147,Home Win,-1,0.6766904545454545,0.6636363636363636,0.6990291262135923,0.6990291262135923,70.715,0.7071500000000001,0.7,0.0,0.3,1730559600,0.2909090909090909,0.045454545454545456,0.6636363636363636,WilliamHill,1.75
england_championship,7478895_2024/2025,243,Oxford United,154,Swansea City,243,Home Win,-1,0.5991190909090909,0.5727272727272728,0.6990291262135923,0.6990291262135923,66.07,0.6607,0.7,0.0,0.3,1730550600,0.28484848484848485,0.1424242424242424,0.5727272727272728,Pncl,2.91
england_championship,7478896_2024/2025,210,Preston North End,207,Bristol City,210,Home Win,-1,0.5446969696969697,0.5424242424242425,0.6990291262135923,0.6990291262135923,55.0,0.55,0.7,0.0,0.3,1730559600,0.28484848484848485,0.17272727272727273,0.5424242424242425,WilliamHill,2.6
england_championship,7478897_2024/2025,160,Queens Park Rangers,156,Sunderland,156,Away Win,-1,0.668030303030303,0.6757575757575758,0.6990291262135923,0.6990291262135923,65.0,0.65,0.7,0.0,0.3,1730559600,0.18787878787878787,0.6757575757575758,0.13636363636363635,Dafabet,2.14
england_championship,7478899_2024/2025,141,Stoke City,213,Derby County,141,Home Win,-1,0.568716515151515,0.47878787878787876,0.6990291262135923,0.6990291262135923,77.85499999999999,0.7785499999999999,0.7,0.0,0.3,1730550600,0.3303030303030303,0.19090909090909092,0.47878787878787876,Dafabet,2.26
hungary_nb_i,7467600_2024/2025,993,Győri ETO,3780,Nyíregyháza Spartacus,993,Home Win,-1,0.5105336363636364,0.509090909090909,0.7954545454545454,0.7954545454545454,51.39,0.5139,0.7,0.0,0.3,1730570400,0.33939393939393936,0.15151515151515152,0.509090909090909,bet365,2.2
hungary_nb_i,7467601_2024/2025,3767,MTK,3785,Zalaegerszegi TE,3767,Home Win,-1,0.8041948484848485,0.8121212121212121,0.7954545454545454,0.7954545454545454,78.57,0.7857,0.7,0.0,0.3,1730547000,0.1181818181818182,0.0696969696969697,0.8121212121212121,NordicBet,1.95
hungary_nb_i,7467602_2024/2025,3773,Puskás,3766,Újpest,3773,Home Win,-1,0.8006439393939394,0.7848484848484849,0.7954545454545454,0.7954545454545454,83.75,0.8375,0.7,0.0,0.3,1730561400,0.19696969696969696,0.01818181818181818,0.7848484848484849,Tipico,1.67
hungary_nb_i,7467603_2024/2025,3772,Paksi SE,3771,Diósgyőr,3772,Home Win,-1,0.708491515151515,0.6787878787878787,0.7954545454545454,0.7954545454545454,77.78,0.7778,0.7,0.0,0.3,1730633400,0.2272727272727273,0.09393939393939393,0.6787878787878787,Tipico,1.7
hungary_nb_i,7467604_2024/2025,962,Videoton,3776,Kecskeméti TE,962,Home Win,-1,0.6184898484848484,0.6121212121212121,0.7954545454545454,0.7954545454545454,63.335,0.63335,0.7,0.0,0.3,1730649600,0.3515151515151515,0.03636363636363636,0.6121212121212121,Tipico,2.0
hungary_nb_i,7467605_2024/2025,119,Ferencváros,984,Debrecen,119,Home Win,-1,0.9361407575757575,0.9393939393939394,0.7954545454545454,0.7954545454545454,92.85499999999999,0.9285499999999999,0.7,0.0,0.3,1730641500,0.051515151515151514,0.00909090909090909,0.9393939393939394,Pncl,1.32
norway_eliteserien,7295171_2024,72,Rosenborg,337,Strømsgodset,72,Home Win,-1,0.7110037878787878,0.696969696969697,0.689922480620155,0.689922480620155,74.375,0.74375,0.7,0.0,0.3,1730657700,0.23333333333333334,0.0696969696969697,0.696969696969697,Unibet,1.57
norway_eliteserien,7295175_2024,329,Odd,336,Brann,336,Away Win,-1,0.6991072727272728,0.7181818181818183,0.689922480620155,0.689922480620155,65.46000000000001,0.6546000000000001,0.7,0.0,0.3,1730649600,0.18787878787878787,0.7181818181818183,0.09393939393939393,Dafabet,1.53
norway_eliteserien,7295176_2024,1471,Fredrikstad,344,Kristiansund,1471,Home Win,-1,0.5922298484848484,0.5121212121212121,0.689922480620155,0.689922480620155,77.91499999999999,0.7791499999999999,0.7,0.0,0.3,1730649600,0.3666666666666667,0.12121212121212122,0.5121212121212121,Dafabet,1.71
norway_eliteserien,7295177_2024,335,Viking,342,Sandefjord,335,Home Win,-1,0.7766766666666667,0.8666666666666667,0.689922480620155,0.689922480620155,56.67,0.5667,0.7,0.0,0.3,1730566800,0.08181818181818182,0.051515151515151514,0.8666666666666667,10Bet,1.57
spain_la_liga,7465112_2024/2025,285,Athletic Club Bilbao,284,Real Betis,285,Home Win,-1,0.6156148484848485,0.5121212121212121,0.7848101265822784,0.7848101265822784,85.71,0.8571,0.7,0.0,0.3,1730664000,0.3303030303030303,0.1575757575757576,0.5121212121212121,1xbet,1.89
spain_la_liga,7465113_2024/2025,117,Atlético Madrid,276,UD Las Palmas,117,Home Win,-1,0.7266146969696969,0.7242424242424242,0.7848101265822784,0.7848101265822784,73.215,0.7321500000000001,0.7,0.0,0.3,1730638800,0.20909090909090908,0.06666666666666667,0.7242424242424242,BetCRIS,1.3
spain_la_liga,7465114_2024/2025,281,Celta de Vigo,293,Getafe CF,281,Home Win,-1,0.645340909090909,0.6272727272727272,0.7848101265822784,0.7848101265822784,68.75,0.6875,0.7,0.0,0.3,1730750400,0.26363636363636367,0.10909090909090909,0.6272727272727272,Unknown,1.0
spain_la_liga,7465115_2024/2025,312,Girona FC,278,Leganés,312,Home Win,-1,0.6044740909090909,0.5727272727272728,0.7848101265822784,0.7848101265822784,67.85499999999999,0.6785499999999999,0.7,0.0,0.3,1730560500,0.24848484848484848,0.17878787878787877,0.5727272727272728,1xbet,1.75
spain_la_liga,7465116_2024/2025,287,CA Osasuna,297,Real Valladolid,287,Home Win,-1,0.7602131818181818,0.7454545454545454,0.7848101265822784,0.7848101265822784,79.465,0.7946500000000001,0.7,0.0,0.3,1730552400,0.16666666666666666,0.08787878787878789,0.7454545454545454,1xbet,1.67
spain_la_liga,7465117_2024/2025,277,Deportivo Alavés,298,RCD Mallorca,298,Away Win,-1,0.6141660606060606,0.5151515151515151,0.7848101265822784,0.7848101265822784,84.52,0.8452,0.7,0.0,0.3,1730491200,0.2818181818181818,0.5151515151515151,0.20303030303030303,Unibet,3.35
spain_la_liga,7465119_2024/2025,288,Valencia CF,84,Real Madrid,84,Away Win,-1,0.7348766666666666,0.7666666666666666,0.7848101265822784,0.7848101265822784,66.07,0.6607,0.7,0.0,0.3,1730577600,0.12121212121212122,0.7666666666666666,0.11212121212121212,1xbet,1.5
spain_la_liga,7469678_2024/2025,83,FC Barcelona,280,RCD Espanyol,83,Home Win,-1,0.8676186363636363,0.9090909090909092,0.7848101265822784,0.7848101265822784,77.08500000000001,0.77085,0.7,0.0,0.3,1730646900,0.08787878787878788,0.0030303030303030303,0.9090909090909092,Interwetten,1.15
bulgaria_first_league,7455969_2024/2025,9987,CSKA 1948 Sofia,3607,Beroe,3607,Away Win,-1,0.5946640909090909,0.5727272727272728,0.7777777777777778,0.7777777777777778,64.58500000000001,0.64585,0.7,0.0,0.3,1730629800,0.26363636363636367,0.5727272727272728,0.16363636363636364,Pncl,6.1
bulgaria_first_league,7455971_2024/2025,3600,Septemvri Sofia,3599,Botev Plovdiv,3599,Away Win,-1,0.8493966666666667,0.8666666666666667,0.7777777777777778,0.7777777777777778,80.91,0.8090999999999999,0.7,0.0,0.3,1730734200,0.10606060606060605,0.8666666666666667,0.027272727272727275,1xbet,1.54
bulgaria_first_league,7455972_2024/2025,3629,Lokomotiv Sofia 1929,9985,Arda,9985,Away Win,-1,0.5467803030303029,0.4757575757575757,0.7777777777777778,0.7777777777777778,71.25,0.7125,0.7,0.0,0.3,1730541600,0.2606060606060606,0.4757575757575757,0.26363636363636367,bet365,2.55
bulgaria_first_league,7455976_2024/2025,111,Ludogorets,668379,Hebar 1918,111,Home Win,-1,0.8914437878787878,0.896969696969697,0.7777777777777778,0.7777777777777778,87.85499999999999,0.8785499999999999,0.7,0.0,0.3,1730638800,0.09393939393939393,0.00909090909090909,0.896969696969697,bet365,1.07
italy_serie_a,7492240_2024/2025,518,Como,463,Lazio,518,Home Win,-1,0.5827322727272726,0.5181818181818181,0.7241379310344828,0.7241379310344828,73.33500000000001,0.7333500000000001,0.7,0.0,0.3,1730403900,0.3242424242424242,0.1575757575757576,0.5181818181818181,1xbet,3.25
poland_ekstraklasa,7450766_2024/2025,785,Górnik Zabrze,1224,Jagiellonia Białystok,1224,Away Win,-1,0.5499540909090909,0.4727272727272727,0.7625,0.7625,73.015,0.73015,0.7,0.0,0.3,1730641500,0.2787878787878788,0.4727272727272727,0.24848484848484848,Pncl,2.88
poland_ekstraklasa,7450767_2024/2025,1149,Zagłębie Lubin,1220,Śląsk Wrocław,1149,Home Win,-1,0.6652340909090909,0.6727272727272727,0.7625,0.7625,64.775,0.64775,0.7,0.0,0.3,1730748600,0.24242424242424243,0.08484848484848484,0.6727272727272727,Pncl,2.37
poland_ekstraklasa,7450768_2024/2025,1222,Lechia Gdańsk,1223,Cracovia Kraków,1223,Away Win,-1,0.8248918181818181,0.8545454545454545,0.7625,0.7625,75.57,0.7556999999999999,0.7,0.0,0.3,1730651400,0.10303030303030303,0.8545454545454545,0.04242424242424242,Pncl,2.35
poland_ekstraklasa,7450769_2024/2025,112,Legia Warszawa,1148,Widzew Łódź,112,Home Win,-1,0.595885303030303,0.5757575757575757,0.7625,0.7625,64.285,0.6428499999999999,0.7,0.0,0.3,1730661300,0.22121212121212122,0.203030303030303,0.5757575757575757,Dafabet,1.66
poland_ekstraklasa,7450770_2024/2025,8265,Motor Lublin,1225,Pogoń Szczecin,8265,Home Win,-1,0.5685277272727272,0.4818181818181818,0.7625,0.7625,77.08500000000001,0.77085,0.7,0.0,0.3,1730565000,0.3666666666666667,0.1515151515151515,0.4818181818181818,Dafabet,3.3
poland_ekstraklasa,7450771_2024/2025,789,Puszcza Niepołomice,961,Lech Poznań,961,Away Win,-1,0.736060606060606,0.7515151515151515,0.7625,0.7625,70.0,0.7,0.7,0.0,0.3,1730574900,0.19090909090909092,0.7515151515151515,0.05757575757575757,NordicBet,1.68
poland_ekstraklasa,7450773_2024/2025,802,Raków Częstochowa,771,Stal Mielec,802,Home Win,-1,0.7806101515151513,0.7878787878787878,0.7625,0.7625,76.36500000000001,0.76365,0.7,0.0,0.3,1730555100,0.15454545454545454,0.05757575757575757,0.7878787878787878,Marathon,1.38
spain_segunda_division,7481488_2024/2025,296,Almería,294,Córdoba,296,Home Win,-1,0.753205606060606,0.7515151515151515,0.7142857142857143,0.7142857142857143,75.715,0.75715,0.7,0.0,0.3,1730646900,0.19090909090909092,0.05757575757575757,0.7515151515151515,Dafabet,1.71
spain_segunda_division,7481489_2024/2025,4507,FC Cartagena,286,Deportivo La Coruña,286,Away Win,-1,0.4883853030303029,0.4757575757575757,0.7142857142857143,0.7142857142857143,51.785,0.5178499999999999,0.7,0.0,0.3,1730560500,0.296969696969697,0.4757575757575757,0.22727272727272727,Pncl,2.3
spain_segunda_division,7481491_2024/2025,279,SD Eibar,295,Elche CF,279,Home Win,-1,0.7044978787878787,0.6696969696969697,0.7142857142857143,0.7142857142857143,78.57,0.7857,0.7,0.0,0.3,1730552400,0.2606060606060606,0.0696969696969697,0.6696969696969697,Pncl,2.59
spain_segunda_division,7481493_2024/2025,292,Levante UD,283,Málaga CF,292,Home Win,-1,0.6642136363636364,0.7090909090909091,0.7142857142857143,0.7142857142857143,55.95,0.5595,0.7,0.0,0.3,1730748600,0.2212121212121212,0.0696969696969697,0.7090909090909091,Unknown,1.0
spain_segunda_division,7481495_2024/2025,309,Real Oviedo,4546,Burgos CF,309,Home Win,-1,0.6149762121212121,0.603030303030303,0.7142857142857143,0.7142857142857143,64.285,0.6428499999999999,0.7,0.0,0.3,1730638800,0.22424242424242424,0.17272727272727273,0.603030303030303,1xbet,1.88
spain_segunda_division,7481496_2024/2025,289,Sporting Gijón,310,Cádiz,289,Home Win,-1,0.5408565151515151,0.5787878787878789,0.7142857142857143,0.7142857142857143,45.235,0.45235,0.7,0.0,0.3,1730560500,0.23636363636363636,0.18484848484848485,0.5787878787878789,Pncl,2.44
spain_segunda_division,7481497_2024/2025,299,Real Zaragoza,282,Granada CF,282,Away Win,-1,0.7355681818181818,0.7454545454545455,0.7142857142857143,0.7142857142857143,71.25,0.7125,0.7,0.0,0.3,1730568600,0.17575757575757575,0.7454545454545455,0.0787878787878788,Pncl,3.74
england_efl_league_one,7477973_2024/2025,206,Birmingham City,226,Bolton Wanderers,206,Home Win,-1,0.6245454545454545,0.4636363636363636,0.7441860465116279,0.7441860465116279,100.0,1.0,0.7,0.0,0.3,1729622700,0.2909090909090909,0.24545454545454545,0.4636363636363636,Unknown,1.0
england_efl_league_one,7477974_2024/2025,244,Bristol Rovers,245,Shrewsbury Town,244,Home Win,-1,0.6334892424242423,0.5606060606060606,0.7441860465116279,0.7441860465116279,80.35499999999999,0.8035499999999999,0.7,0.0,0.3,1729622700,0.2787878787878788,0.1606060606060606,0.5606060606060606,Unknown,1.0
england_efl_league_one,7477976_2024/2025,208,Burton Albion,266,Wycombe Wanderers,266,Away Win,-1,0.7195692424242424,0.6606060606060606,0.7441860465116279,0.7441860465116279,85.715,0.8571500000000001,0.7,0.0,0.3,1729622700,0.25757575757575757,0.6606060606060606,0.08181818181818182,Unknown,1.0
england_efl_league_one,7477977_2024/2025,254,Crawley Town,1021,Lincoln City,1021,Away Win,-1,0.6939772727272728,0.7181818181818183,0.7441860465116279,0.7441860465116279,63.75,0.6375,0.7,0.0,0.3,1729622700,0.21818181818181817,0.7181818181818183,0.06363636363636363,Unknown,1.0
england_efl_league_one,7477979_2024/2025,268,Exeter City,219,Reading,268,Home Win,-1,0.6666569696969695,0.6424242424242423,0.7441860465116279,0.7441860465116279,72.32,0.7232,0.7,0.0,0.3,1729622700,0.2545454545454545,0.10303030303030303,0.6424242424242423,Unknown,1.0
england_efl_league_one,7477980_2024/2025,255,Leyton Orient,212,Rotherham United,212,Away Win,-1,0.5545571212121212,0.5303030303030303,0.7441860465116279,0.7441860465116279,61.115,0.61115,0.7,0.0,0.3,1729622700,0.2909090909090909,0.5303030303030303,0.17878787878787877,Unknown,1.0
england_efl_league_one,7477983_2024/2025,258,Stevenage,261,Cambridge United,258,Home Win,-1,0.7511692424242423,0.7606060606060606,0.7441860465116279,0.7441860465116279,72.91499999999999,0.72915,0.7,0.0,0.3,1729622700,0.2121212121212121,0.02727272727272727,0.7606060606060606,Unknown,1.0
england_efl_league_one,7477985_2024/2025,3143,Stockport County,242,Northampton Town,3143,Home Win,-1,0.5225475757575757,0.4939393939393939,0.7441860465116279,0.7441860465116279,58.93,0.5893,0.7,0.0,0.3,1729622700,0.3,0.20606060606060606,0.4939393939393939,Unknown,1.0
england_efl_league_one,7477988_2024/2025,1837,Wrexham,217,Huddersfield Town,1837,Home Win,-1,0.7051515151515151,0.5787878787878789,0.7441860465116279,0.7441860465116279,100.0,1.0,0.7,0.0,0.3,1729622700,0.2545454545454545,0.16666666666666666,0.5787878787878789,Unknown,1.0
england_efl_league_one,7719519_2024/2025,244,Bristol Rovers,245,Shrewsbury Town,244,Home Win,-1,0.6759134848484848,0.6212121212121212,0.7441860465116279,0.7441860465116279,80.35499999999999,0.8035499999999999,0.7,0.0,0.3,1729622700,0.25757575757575757,0.12121212121212122,0.6212121212121212,Unknown,1.0
england_efl_league_one,7719520_2024/2025,208,Burton Albion,266,Wycombe Wanderers,266,Away Win,-1,0.7895692424242424,0.7606060606060606,0.7441860465116279,0.7441860465116279,85.715,0.8571500000000001,0.7,0.0,0.3,1729622700,0.17272727272727273,0.7606060606060606,0.06666666666666667,Unknown,1.0
england_efl_league_one,7719521_2024/2025,254,Crawley Town,1021,Lincoln City,1021,Away Win,-1,0.5582196969696969,0.5242424242424242,0.7441860465116279,0.7441860465116279,63.75,0.6375,0.7,0.0,0.3,1729622700,0.42727272727272725,0.5242424242424242,0.048484848484848485,Unknown,1.0
england_efl_league_one,7719522_2024/2025,268,Exeter City,219,Reading,268,Home Win,-1,0.740899393939394,0.7484848484848485,0.7441860465116279,0.7441860465116279,72.32,0.7232,0.7,0.0,0.3,1729622700,0.16666666666666669,0.08484848484848484,0.7484848484848485,Unknown,1.0
england_efl_league_one,7719523_2024/2025,255,Leyton Orient,212,Rotherham United,212,Away Win,-1,0.5057692424242424,0.46060606060606063,0.7441860465116279,0.7441860465116279,61.115,0.61115,0.7,0.0,0.3,1729622700,0.3606060606060606,0.46060606060606063,0.17878787878787877,Unknown,1.0
england_efl_league_one,7719525_2024/2025,258,Stevenage,261,Cambridge United,258,Home Win,-1,0.6408662121212121,0.603030303030303,0.7441860465116279,0.7441860465116279,72.91499999999999,0.72915,0.7,0.0,0.3,1729622700,0.3484848484848485,0.048484848484848485,0.603030303030303,Unknown,1.0
england_efl_league_one,7719528_2024/2025,1837,Wrexham,217,Huddersfield Town,1837,Home Win,-1,0.7942424242424242,0.706060606060606,0.7441860465116279,0.7441860465116279,100.0,1.0,0.7,0.0,0.3,1729622700,0.17575757575757575,0.1181818181818182,0.706060606060606,Unknown,1.0
italy_serie_b,7509687_2024/2025,500,Bari 1908,2354,Reggiana,-1,Draw,-1,0.5662828787878788,0.4696969696969697,0.7846153846153846,0.7846153846153846,79.16499999999999,0.79165,0.7,0.0,0.3,1730556000,0.4696969696969697,0.21515151515151515,0.3151515151515152,Unknown,1.0
italy_serie_b,7509688_2024/2025,2358,Carrarese,520,Juve Stabia,520,Away Win,-1,0.6094928787878787,0.5696969696969697,0.7846153846153846,0.7846153846153846,70.235,0.70235,0.7,0.0,0.3,1730556000,0.24545454545454545,0.5696969696969697,0.18484848484848487,Unknown,1.0
italy_serie_b,7509690_2024/2025,475,Cesena,2312,Südtirol,475,Home Win,-1,0.6240195454545454,0.5363636363636364,0.7846153846153846,0.7846153846153846,82.85499999999999,0.8285499999999999,0.7,0.0,0.3,1730642400,0.32727272727272727,0.13636363636363635,0.5363636363636364,Unknown,1.0
italy_serie_b,7509691_2024/2025,2343,Cosenza,510,Salernitana,-1,Draw,-1,0.5785606060606061,0.45151515151515154,0.7846153846153846,0.7846153846153846,87.5,0.875,0.7,0.0,0.3,1730564100,0.45151515151515154,0.2606060606060606,0.28787878787878785,Unknown,1.0
italy_serie_b,7509692_2024/2025,1046,Cremonese,507,Pisa,507,Away Win,-1,0.5891666666666666,0.4666666666666667,0.7846153846153846,0.7846153846153846,87.5,0.875,0.7,0.0,0.3,1730642400,0.2909090909090909,0.4666666666666667,0.24242424242424243,Unknown,1.0
italy_serie_b,7509693_2024/2025,462,Palermo,508,Cittadella,508,Away Win,-1,0.591089393939394,0.5484848484848485,0.7846153846153846,0.7846153846153846,69.05000000000001,0.6905000000000001,0.7,0.0,0.3,1730642400,0.30606060606060603,0.5484848484848485,0.14545454545454545,Unknown,1.0
italy_serie_b,7509695_2024/2025,469,Sassuolo,2363,Mantova,469,Home Win,-1,0.7266146969696969,0.7242424242424242,0.7846153846153846,0.7846153846153846,73.215,0.7321500000000001,0.7,0.0,0.3,1730650500,0.18787878787878787,0.08787878787878788,0.7242424242424242,Unknown,1.0
italy_serie_b,7509696_2024/2025,513,Spezia,517,Modena,513,Home Win,-1,0.7012828787878788,0.7696969696969698,0.7846153846153846,0.7846153846153846,54.165,0.54165,0.7,0.0,0.3,1730556000,0.20606060606060606,0.024242424242424242,0.7696969696969698,Unknown,1.0
portugal_liga_nos,7574644_2024/2025,171,Rio Ave FC,4810,Casa Pia,171,Home Win,-1,0.6364437878787879,0.5969696969696969,0.8275862068965517,0.8275862068965517,72.85499999999999,0.7285499999999999,0.7,0.0,0.3,1730561400,0.2787878787878788,0.12424242424242424,0.5969696969696969,Dafabet,2.19
portugal_liga_nos,7574645_2024/2025,82,Porto,164,GD Estoril Praia,82,Home Win,-1,0.9203080303030302,0.9575757575757575,0.8275862068965517,0.8275862068965517,83.33500000000001,0.83335,0.7,0.0,0.3,1730665800,0.03333333333333333,0.00909090909090909,0.9575757575757575,Dafabet,1.17
portugal_liga_nos,7574646_2024/2025,114,Sporting CP,15804,Estrela Amadora,114,Home Win,-1,0.8936363636363636,0.8909090909090909,0.8275862068965517,0.8275862068965517,90.0,0.9,0.7,0.0,0.3,1730492100,0.0696969696969697,0.0393939393939394,0.8909090909090909,Dafabet,1.09
portugal_liga_nos,7574647_2024/2025,163,CD Nacional,1028,Santa Clara,1028,Away Win,-1,0.7140859090909091,0.6272727272727273,0.8275862068965517,0.8275862068965517,91.66499999999999,0.91665,0.7,0.0,0.3,1730751300,0.21515151515151515,0.6272727272727273,0.15757575757575756,Unknown,1.0
portugal_liga_nos,7574648_2024/2025,183,Gil Vicente,176,Boavista FC,183,Home Win,-1,0.62571,0.6,0.8275862068965517,0.8275862068965517,68.57,0.6857,0.7,0.0,0.3,1730579400,0.3151515151515152,0.08484848484848484,0.6,Dafabet,1.71
portugal_liga_nos,7574649_2024/2025,4866,Farense,78,Benfica,78,Away Win,-1,0.7883283333333333,0.7333333333333334,0.8275862068965517,0.8275862068965517,91.66499999999999,0.91665,0.7,0.0,0.3,1730570400,0.1393939393939394,0.7333333333333334,0.12727272727272726,Dafabet,1.23
portugal_liga_nos,7574650_2024/2025,175,Vitória Guimarães,174,Moreirense FC,-1,Draw,-1,0.511060606060606,0.45151515151515154,0.8275862068965517,0.8275862068965517,65.0,0.65,0.7,0.0,0.3,1730656800,0.45151515151515154,0.2090909090909091,0.33939393939393936,Dafabet,3.65
portugal_liga_nos,7574651_2024/2025,167,FC Arouca,172,Sporting Braga,172,Away Win,-1,0.8090909090909091,0.7272727272727273,0.8275862068965517,0.8275862068965517,100.0,1.0,0.7,0.0,0.3,1730656800,0.1484848484848485,0.7272727272727273,0.12424242424242424,Sbo,1.8
sweden_allsvenskan,7292663_2024,125,Norrköping,661,AIK,661,Away Win,-1,0.5993181818181817,0.5454545454545454,0.7008547008547008,0.7008547008547008,72.5,0.725,0.7,0.0,0.3,1730743800,0.27575757575757576,0.5454545454545454,0.17878787878787877,Unknown,1.0
sweden_allsvenskan,7292664_2024,663,Elfsborg,2911,Västerås SK,663,Home Win,-1,0.7148298484848485,0.7121212121212122,0.7008547008547008,0.7008547008547008,72.11500000000001,0.7211500000000001,0.7,0.0,0.3,1730556000,0.2,0.08787878787878788,0.7121212121212122,1xbet,1.54
sweden_allsvenskan,7292666_2024,657,Halmstad,659,Djurgården,659,Away Win,-1,0.6372739393939394,0.5848484848484848,0.7008547008547008,0.7008547008547008,75.96000000000001,0.7596,0.7,0.0,0.3,1730647800,0.25757575757575757,0.5848484848484848,0.1575757575757576,1xbet,1.79
croatia_prva_hnl,7451009_2024/2025,1880,Šibenik,122,Dinamo Zagreb,122,Away Win,-1,0.644436212121212,0.603030303030303,0.7105263157894737,0.7105263157894737,74.10499999999999,0.7410499999999999,0.7,0.0,0.3,1730480400,0.2818181818181818,0.603030303030303,0.11515151515151514,Dafabet,1.36
croatia_prva_hnl,7451010_2024/2025,1864,Osijek,1875,Gorica,-1,Draw,-1,0.5912516666666666,0.4666666666666667,0.7105263157894737,0.7105263157894737,88.195,0.8819499999999999,0.7,0.0,0.3,1730565000,0.4666666666666667,0.07878787878787878,0.4545454545454546,1xbet,4.45
croatia_prva_hnl,7451011_2024/2025,1857,Istra 1961,1215,Rijeka,1215,Away Win,-1,0.5409024242424243,0.5060606060606061,0.7105263157894737,0.7105263157894737,62.22,0.6222,0.7,0.0,0.3,1730642400,0.3424242424242424,0.5060606060606061,0.15151515151515152,Dafabet,1.81
croatia_prva_hnl,7451013_2024/2025,1859,Lokomotiva Zagreb,1861,Slaven Koprivnica,1859,Home Win,-1,0.5830540909090909,0.5727272727272728,0.7105263157894737,0.7105263157894737,60.715,0.6071500000000001,0.7,0.0,0.3,1730556000,0.31212121212121213,0.11515151515151514,0.5727272727272728,Dafabet,2.03
england_efl_league_two,7476712_2024/2025,241,AFC Wimbledon,273,Grimsby Town,241,Home Win,-1,0.6728875757575757,0.593939393939394,0.7126436781609196,0.7126436781609196,85.71,0.8571,0.7,0.0,0.3,1731164400,0.2515151515151515,0.15454545454545454,0.593939393939394,Unknown,1.0
england_efl_league_two,7476713_2024/2025,1833,Barrow,253,Colchester United,1833,Home Win,-1,0.573560606060606,0.5515151515151515,0.7126436781609196,0.7126436781609196,62.5,0.625,0.7,0.0,0.3,1731164400,0.3303030303030303,0.11818181818181817,0.5515151515151515,Unknown,1.0
england_efl_league_two,7476719_2024/2025,3124,Harrogate Town,270,Morecambe,3124,Home Win,-1,0.5171212121212121,0.503030303030303,0.7126436781609196,0.7126436781609196,55.0,0.55,0.7,0.0,0.3,1731155400,0.3666666666666667,0.1303030303030303,0.503030303030303,Unknown,1.0
england_efl_league_two,7476721_2024/2025,3141,Salford City,257,Carlisle United,3141,Home Win,-1,0.5939393939393939,0.5484848484848485,0.7126436781609196,0.7126436781609196,70.0,0.7,0.7,0.0,0.3,1731155400,0.30606060606060603,0.14545454545454545,0.5484848484848485,Unknown,1.0
france_ligue_1,7468438_2024/2025,479,Auxerre,442,Rennes,479,Home Win,-1,0.7058427272727272,0.6818181818181819,0.7288135593220338,0.7288135593220338,76.19,0.7619,0.7,0.0,0.3,1730649600,0.23939393939393938,0.0787878787878788,0.6818181818181819,1xbet,3.6
france_ligue_1,7468439_2024/2025,439,Toulouse,451,Reims,451,Away Win,-1,0.5992374242424242,0.5060606060606061,0.7288135593220338,0.7288135593220338,81.66499999999999,0.8166499999999999,0.7,0.0,0.3,1730642400,0.26363636363636367,0.5060606060606061,0.23030303030303031,Betfair,3.75
france_ligue_1,7468440_2024/2025,56,Monaco,444,Angers SCO,56,Home Win,-1,0.655175303030303,0.6757575757575758,0.7288135593220338,0.7288135593220338,60.715,0.6071500000000001,0.7,0.0,0.3,1730484000,0.26363636363636367,0.06060606060606061,0.6757575757575758,1xbet,1.25
france_ligue_1,7468441_2024/2025,493,Le Havre,435,Montpellier,-1,Draw,-1,0.6793939393939394,0.584848484848485,0.7288135593220338,0.7288135593220338,90.0,0.9,0.7,0.0,0.3,1730649600,0.584848484848485,0.1575757575757576,0.25757575757575757,Dafabet,3.6
france_ligue_1,7468442_2024/2025,440,Nantes,443,Olympique Marseille,443,Away Win,-1,0.7421449999999999,0.8,0.7288135593220338,0.7288135593220338,60.715,0.6071500000000001,0.7,0.0,0.3,1730663100,0.15151515151515152,0.8,0.048484848484848485,1xbet,2.06
france_ligue_1,7468444_2024/2025,434,Saint-Étienne,480,Strasbourg,434,Home Win,-1,0.5848960606060607,0.6151515151515152,0.7288135593220338,0.7288135593220338,51.43,0.5143,0.7,0.0,0.3,1730577600,0.2787878787878788,0.10606060606060606,0.6151515151515152,1xbet,3.85
france_ligue_1,7468445_2024/2025,491,Brest,445,Nice,491,Home Win,-1,0.6560556060606061,0.6515151515151516,0.7288135593220338,0.7288135593220338,66.66499999999999,0.66665,0.7,0.0,0.3,1730570400,0.2727272727272727,0.07575757575757576,0.6515151515151516,1xbet,2.75
france_ligue_1,7468446_2024/2025,68,PSG,449,Lens,68,Home Win,-1,0.6711363636363636,0.6909090909090909,0.7288135593220338,0.7288135593220338,62.5,0.625,0.7,0.0,0.3,1730563200,0.17272727272727273,0.13636363636363635,0.6909090909090909,1xbet,1.48
kazakhstan_kazakhstan_premier_league,7364785_2024,994,Shakhter Karagandy,983,Aktobe,983,Away Win,-1,0.6289412121212121,0.603030303030303,0.6808510638297872,0.6808510638297872,68.94,0.6894,0.7,0.0,0.3,1730624400,0.3151515151515151,0.603030303030303,0.08181818181818182,Unknown,1.0
portugal_liga_pro,7502685_2024/2025,177,CS Marítimo,182,FC Penafiel,182,Away Win,-1,0.6406060606060606,0.6151515151515152,0.7272727272727273,0.7272727272727273,70.0,0.7,0.7,0.0,0.3,1730556000,0.25151515151515147,0.6151515151515152,0.13333333333333333,Tipico,4.3
portugal_liga_pro,7502686_2024/2025,1025,Portimonense,4841,FC Vizela,4841,Away Win,-1,0.6245454545454545,0.4636363636363636,0.7272727272727273,0.7272727272727273,100.0,1.0,0.7,0.0,0.3,1730545200,0.3181818181818182,0.4636363636363636,0.2181818181818182,Marathon,2.75
portugal_liga_pro,7502687_2024/2025,4880,União de Leiria,1030,Leixões,1030,Away Win,-1,0.5281818181818182,0.4545454545454546,0.7272727272727273,0.7272727272727273,70.0,0.7,0.7,0.0,0.3,1730647800,0.33636363636363636,0.4545454545454546,0.2090909090909091,Pncl,2.9
portugal_liga_pro,7502688_2024/2025,169,CD Tondela,1038,UD Oliveirense,169,Home Win,-1,0.6373484848484847,0.6212121212121211,0.7272727272727273,0.7272727272727273,67.5,0.675,0.7,0.0,0.3,1730743200,0.3151515151515152,0.06363636363636363,0.6212121212121211,Unknown,1.0
portugal_liga_pro,7502690_2024/2025,1037,Porto II,4835,Torreense,1037,Home Win,-1,0.5920736363636363,0.509090909090909,0.7272727272727273,0.7272727272727273,78.57,0.7857,0.7,0.0,0.3,1730647800,0.34545454545454546,0.14545454545454545,0.509090909090909,Dafabet,2.38
portugal_liga_pro,7502692_2024/2025,1032,Academico Viseu,1031,Benfica II,1031,Away Win,-1,0.6292374242424242,0.5060606060606061,0.7272727272727273,0.7272727272727273,91.66499999999999,0.91665,0.7,0.0,0.3,1730631600,0.3606060606060606,0.5060606060606061,0.13333333333333333,Pncl,3.48
switzerland_super_league,7487091_2024/2025,892,Grasshopper,894,Lugano,894,Away Win,-1,0.6440228787878788,0.5696969696969697,0.8604651162790697,0.8604651162790697,81.745,0.81745,0.7,0.0,0.3,1730403000,0.2909090909090909,0.5696969696969697,0.1393939393939394,Pncl,2.16
switzerland_super_league,7487092_2024/2025,898,Servette,890,Luzern,898,Home Win,-1,0.6385324242424242,0.606060606060606,0.8604651162790697,0.8604651162790697,71.43,0.7143,0.7,0.0,0.3,1730403000,0.2545454545454545,0.1393939393939394,0.606060606060606,Interwetten,1.9
