match_id,competition_id,season,game_week,match_status,team_id,team_name,opponent_id,opponent_name,is_home,team_goal_count,opponent_goal_count,team_ELO_before,opponent_ELO_before,result,team_h2h_win_percent,opponent_h2h_win_percent,odds_team_win,odds_draw,odds_opponent_win,winning_team,team_rest_days,opponent_rest_days,team_ppg,opponent_ppg,opponent_ppg_mc,team_ppg_mc,pre_match_home_ppg,pre_match_away_ppg,pre_match_home_xg,pre_match_away_xg,team_home_advantage,opponent_home_advantage,team_away_advantage,opponent_away_advantage
7467541,12334,2024/2025,2,complete,962,Videoton,3771,Diósgyőr,1,3,1,1667.58,1501.09,2,52,32,1.9100,3.7000,3.6000,2,2.00,5.00,1.75,1.75,0,0,1,1,0,0,0.32000000000000006,0,0,-0.12
7467541,12334,2024/2025,2,complete,3771,Diósgyőr,962,Videoton,0,1,3,1501.09,1667.58,2,32,52,3.6000,3.7000,1.9100,2,5.00,2.00,1.75,1.75,0,0,1,1,0,0,0,0.32000000000000006,-0.12,0
7467544,12334,2024/2025,2,complete,3767,MTK,3780,Nyíregyháza Spartacus,1,3,0,1600.62,1448.29,2,57,29,2.1500,3.4000,3.0000,2,8.00,7.00,2.00,0.60,0,0,3,3,0,0,0.020000000000000018,0,0,-0.04583333333333334
7467544,12334,2024/2025,2,complete,3780,Nyíregyháza Spartacus,3767,MTK,0,0,3,1448.29,1600.62,2,29,57,3.0000,3.4000,2.1500,2,7.00,8.00,0.60,2.00,0,0,3,3,0,0,0,0.020000000000000018,-0.04583333333333334,0
7467542,12334,2024/2025,2,complete,3772,Paksi SE,3766,Újpest,1,2,1,1683.26,1453.22,2,30,30,1.5300,4.2900,5.0100,2,3.00,7.00,3.00,1.50,0,0,1,0,0,0,0.22000000000000003,0,0,-0.2
7467542,12334,2024/2025,2,complete,3766,Újpest,3772,Paksi SE,0,1,2,1453.22,1683.26,2,30,30,5.0100,4.2900,1.5300,2,7.00,3.00,1.50,3.00,0,0,0,1,0,0,0,0.22000000000000003,-0.2,0
7467543,12334,2024/2025,2,complete,3773,Puskás,3785,Zalaegerszegi TE,1,2,1,1729.47,1490.18,2,28,44,1.4000,4.6500,6.3600,2,2.00,9.00,3.00,0.25,0,0,3,0,0,0,0.09999999999999998,0,0,-0.040000000000000036
7467543,12334,2024/2025,2,complete,3785,Zalaegerszegi TE,3773,Puskás,0,1,2,1490.18,1729.47,2,44,28,6.3600,4.6500,1.4000,2,9.00,2.00,0.25,3.00,0,0,0,3,0,0,0,0.09999999999999998,-0.040000000000000036,0
7467550,12334,2024/2025,3,complete,3776,Kecskeméti TE,984,Debrecen,1,1,1,1634.06,1556.27,0,18,45,2.6200,3.1600,2.6600,0,5.00,7.00,1.00,0.80,3,1,0.5,3,1.22,1.47,0.28,0,0,-0.2
7467550,12334,2024/2025,3,complete,984,Debrecen,3776,Kecskeméti TE,0,1,1,1556.27,1634.06,0,45,18,2.6600,3.1600,2.6200,0,7.00,5.00,0.80,1.00,1,3,3,0.5,1.47,1.22,0,0.28,-0.2,0
7467549,12334,2024/2025,3,complete,3771,Diósgyőr,119,Ferencváros,1,0,2,1594.74,1756.64,1,15,77,5.5500,4.3000,1.4800,1,7.00,6.00,1.60,2.00,0,1,0.5,3,1.29,0,0.12,0,0,0.040000000000000036
7467549,12334,2024/2025,3,complete,119,Ferencváros,3771,Diósgyőr,0,2,0,1756.64,1594.74,1,77,15,1.4800,4.3000,5.5500,1,6.00,7.00,2.00,1.60,1,0,3,0.5,0,1.29,0,0.12,0.040000000000000036,0
7467547,12334,2024/2025,3,complete,3785,Zalaegerszegi TE,3772,Paksi SE,1,3,1,1585.19,1588.41,2,20,47,3.0800,3.4400,2.1700,2,6.00,3.00,1.50,1.00,1,0,0,2,0.8,1.45,0.040000000000000036,0,0,-0.22000000000000003
7467547,12334,2024/2025,3,complete,3772,Paksi SE,3785,Zalaegerszegi TE,0,1,3,1588.41,1585.19,2,47,20,2.1700,3.4400,3.0800,2,3.00,6.00,1.00,1.50,0,1,2,0,1.45,0.8,0,0.040000000000000036,-0.22000000000000003,0
7467551,12334,2024/2025,3,complete,993,Győri ETO,3767,MTK,1,1,2,1523.13,1507.25,1,44,44,2.8600,3.4000,2.3500,1,8.00,7.00,1.50,1.80,3,0,0,3,2.11,1.43,0.06451612903225806,0,0,-0.03999999999999998
7467551,12334,2024/2025,3,complete,3767,MTK,993,Győri ETO,0,2,1,1507.25,1523.13,1,44,44,2.3500,3.4000,2.8600,1,7.00,8.00,1.80,1.50,0,3,3,0,1.43,2.11,0,0.06451612903225806,-0.03999999999999998,0
7467548,12334,2024/2025,3,complete,3766,Újpest,962,Videoton,1,4,1,1548.07,1573.93,2,29,53,2.4000,3.5000,2.7000,2,6.00,2.00,1.60,0.40,1,0,0,2,1.8,0.91,0.2,0,0,-0.32000000000000006
7467548,12334,2024/2025,3,complete,962,Videoton,3766,Újpest,0,1,4,1573.93,1548.07,2,53,29,2.7000,3.5000,2.4000,2,2.00,6.00,0.40,1.60,0,1,2,0,0.91,1.8,0,0.2,-0.32000000000000006,0
7467612,12334,2024/2025,3,complete,3773,Puskás,3780,Nyíregyháza Spartacus,1,3,1,1734.46,1441.66,2,75,25,1.8000,3.6200,4.2000,2,3.00,8.00,3.00,0.60,0,3,3,1.5,1.35,1.23,0.12,0,0,-0.0625
7467612,12334,2024/2025,3,complete,3780,Nyíregyháza Spartacus,3773,Puskás,0,1,3,1441.66,1734.46,2,25,75,4.2000,3.6200,1.8000,2,8.00,3.00,0.60,3.00,3,0,1.5,3,1.23,1.35,0,0.12,-0.0625,0
7467552,12334,2024/2025,4,complete,3776,Kecskeméti TE,993,Győri ETO,1,2,1,1632.29,1412.77,2,43,29,1.8900,3.3000,4.1100,2,7.00,5.00,1.00,0.50,0,1,0.67,0,1.58,1.13,0.28,0,0,-0.049395161290322565
7467552,12334,2024/2025,4,complete,993,Győri ETO,3776,Kecskeméti TE,0,1,2,1412.77,1632.29,2,29,43,4.1100,3.3000,1.8900,2,5.00,7.00,0.50,1.00,1,0,0,0.67,1.13,1.58,0,0.28,-0.049395161290322565,0
7467553,12334,2024/2025,4,complete,984,Debrecen,3771,Diósgyőr,1,0,1,1658.04,1488.31,1,68,18,1.8500,3.5000,3.3000,1,7.00,7.00,1.00,1.75,0,0,2,0.33,0,1.34,0.21999999999999997,0,0,-0.12
7467553,12334,2024/2025,4,complete,3771,Diósgyőr,984,Debrecen,0,1,0,1488.31,1658.04,1,18,68,3.3000,3.5000,1.8500,1,7.00,7.00,1.75,1.00,0,0,0.33,2,1.34,0,0,0.21999999999999997,-0.12,0
7467554,12334,2024/2025,4,complete,119,Ferencváros,3766,Újpest,1,1,0,1863.08,1458.66,2,77,6,1.2800,5.0000,7.5000,2,7.00,6.00,3.00,1.50,0,3,3,1,1.75,0.93,-0.040000000000000036,0,0,-0.22000000000000003
7467554,12334,2024/2025,4,complete,3766,Újpest,119,Ferencváros,0,0,1,1458.66,1863.08,2,6,77,7.5000,5.0000,1.2800,2,6.00,7.00,1.50,3.00,3,0,1,3,0.93,1.75,0,-0.040000000000000036,-0.22000000000000003,0
7467555,12334,2024/2025,4,complete,962,Videoton,3785,Zalaegerszegi TE,1,1,1,1663.33,1495.26,0,35,24,1.9400,3.4500,3.2000,0,3.00,7.00,1.75,0.25,0,3,1.33,1,1.31,0.91,0.32000000000000006,0,0,-0.06
7467555,12334,2024/2025,4,complete,3785,Zalaegerszegi TE,962,Videoton,0,1,1,1495.26,1663.33,0,24,35,3.2000,3.4500,1.9400,0,7.00,3.00,0.25,1.75,3,0,1,1.33,0.91,1.31,0,0.32000000000000006,-0.06,0
7467556,12334,2024/2025,4,complete,3772,Paksi SE,3780,Nyíregyháza Spartacus,1,2,1,1678.34,1437.54,2,67,0,1.8600,4.1500,3.0300,2,4.00,6.00,3.00,0.60,0,3,1.33,1,1.2,0.99,0.22000000000000003,0,0,-0.07720588235294118
7467556,12334,2024/2025,4,complete,3780,Nyíregyháza Spartacus,3772,Paksi SE,0,1,2,1437.54,1678.34,2,0,67,3.0300,4.1500,1.8600,2,6.00,4.00,0.60,3.00,3,0,1,1.33,0.99,1.2,0,0.22000000000000003,-0.07720588235294118,0
7467557,12334,2024/2025,4,complete,3773,Puskás,3767,MTK,1,1,0,1738.58,1517.62,2,42,47,1.4300,3.7300,5.2600,2,2.00,7.00,3.00,1.80,3,3,3,3,1.55,1.14,0.12,0,0,-0.019999999999999962
7467557,12334,2024/2025,4,complete,3767,MTK,3773,Puskás,0,0,1,1517.62,1738.58,2,47,42,5.2600,3.7300,1.4300,2,7.00,2.00,1.80,3.00,3,3,3,3,1.14,1.55,0,0.12,-0.019999999999999962,0
7467560,12334,2024/2025,5,complete,3766,Újpest,984,Debrecen,1,3,0,1555.98,1544.32,2,36,36,2.2500,3.5800,2.8900,2,6.00,6.00,1.60,0.80,2,1.5,0.75,1.33,1.67,1.13,0.22000000000000003,0,0,-0.21999999999999997
7467560,12334,2024/2025,5,complete,984,Debrecen,3766,Újpest,0,0,3,1544.32,1555.98,2,36,36,2.8900,3.5800,2.2500,2,6.00,6.00,0.80,1.60,1.5,2,1.33,0.75,1.13,1.67,0,0.22000000000000003,-0.21999999999999997,0
7467561,12334,2024/2025,5,complete,3771,Diósgyőr,3776,Kecskeméti TE,1,1,0,1602.03,1537.62,2,33,22,2.1900,3.3500,2.9200,2,6.00,7.00,1.60,0.00,0,0.5,1,1.25,0.79,0.81,0.09999999999999998,0,0,-0.30000000000000004
7467561,12334,2024/2025,5,complete,3776,Kecskeméti TE,3771,Diósgyőr,0,0,1,1537.62,1602.03,2,22,33,2.9200,3.3500,2.1900,2,7.00,6.00,0.00,1.60,0.5,0,1.25,1,0.81,0.79,0,0.09999999999999998,-0.30000000000000004,0
7467558,12334,2024/2025,5,complete,3780,Nyíregyháza Spartacus,962,Videoton,1,3,3,1532.57,1559.65,0,0,100,3.4000,3.4000,1.9300,0,7.00,7.00,1.75,0.40,0.5,3,0.75,1.25,1.13,1.25,0.09027777777777779,0,0,-0.32000000000000006
7467558,12334,2024/2025,5,complete,962,Videoton,3780,Nyíregyháza Spartacus,0,3,3,1559.65,1532.57,0,100,0,1.9300,3.4000,3.4000,0,7.00,7.00,0.40,1.75,3,0.5,1.25,0.75,1.25,1.13,0,0.09027777777777779,-0.32000000000000006,0
7467568,12334,2024/2025,6,complete,962,Videoton,3767,MTK,1,1,0,1659.02,1512.31,2,70,22,1.9000,3.6500,3.5000,2,5.00,12.00,1.75,1.80,2,2,1.2,2.25,1.79,1.09,0.32000000000000006,0,0,-0.019999999999999962
7467568,12334,2024/2025,6,complete,3767,MTK,962,Videoton,0,0,1,1512.31,1659.02,2,22,70,3.5000,3.6500,1.9000,2,12.00,5.00,1.80,1.75,2,2,2.25,1.2,1.09,1.79,0,0.32000000000000006,-0.019999999999999962,0
7467566,12334,2024/2025,6,complete,984,Debrecen,3785,Zalaegerszegi TE,1,3,1,1634.59,1498.95,2,58,33,2.0000,3.4000,3.4500,2,7.00,13.00,1.00,0.25,0.5,0,1,1,1.71,1.31,0.21999999999999997,0,0,-0.07999999999999996
7467566,12334,2024/2025,6,complete,3785,Zalaegerszegi TE,984,Debrecen,0,1,3,1498.95,1634.59,2,33,58,3.4500,3.4000,2.0000,2,13.00,7.00,0.25,1.00,0,0.5,1,1,1.31,1.71,0,0.21999999999999997,-0.07999999999999996,0
7467564,12334,2024/2025,6,complete,3771,Diósgyőr,993,Győri ETO,1,0,0,1610.56,1407.43,0,50,13,1.9700,3.5500,3.3500,0,7.00,15.00,1.60,0.50,0,1.33,1.4,0,1.22,1.6,0.12,0,0,-0.0625
7467564,12334,2024/2025,6,complete,993,Győri ETO,3771,Diósgyőr,0,0,0,1407.43,1610.56,0,13,50,3.3500,3.5500,1.9700,0,15.00,7.00,0.50,1.60,1.33,0,0,1.4,1.6,1.22,0,0.12,-0.0625,0
7467565,12334,2024/2025,6,complete,3776,Kecskeméti TE,3766,Újpest,1,1,3,1629.09,1465.71,1,40,40,2.3000,3.2000,3.0000,1,7.00,8.00,1.00,1.50,0,1.67,1,1.2,1.53,0.77,0.30000000000000004,0,0,-0.24
7467565,12334,2024/2025,6,complete,3766,Újpest,3776,Kecskeméti TE,0,3,1,1465.71,1629.09,1,40,40,3.0000,3.2000,2.3000,1,8.00,7.00,1.50,1.00,1.67,0,1.2,1,0.77,1.53,0,0.30000000000000004,-0.24,0
7467569,12334,2024/2025,6,complete,3772,Paksi SE,3773,Puskás,1,2,1,1683.30,1643.89,2,46,43,2.3800,3.4000,2.6000,2,2.00,2.00,3.00,1.00,3,3,1.75,3,1.43,1.39,0.24000000000000005,0,0,-0.14
7467569,12334,2024/2025,6,complete,3773,Puskás,3772,Paksi SE,0,1,2,1643.89,1683.30,2,43,46,2.6000,3.4000,2.3800,2,2.00,2.00,1.00,3.00,3,3,3,1.75,1.39,1.43,0,0.24000000000000005,-0.14,0
7467567,12334,2024/2025,6,complete,119,Ferencváros,3780,Nyíregyháza Spartacus,1,2,1,1865.77,1433.20,2,67,0,1.4000,4.5000,6.5000,2,15.00,7.00,3.00,0.60,0,3,3,0.8,2,1.05,-0.040000000000000036,0,0,-0.07189542483660133
7467567,12334,2024/2025,6,complete,3780,Nyíregyháza Spartacus,119,Ferencváros,0,1,2,1433.20,1865.77,2,0,67,6.5000,4.5000,1.4000,2,7.00,15.00,0.60,3.00,3,0,0.8,3,1.05,2,0,-0.040000000000000036,-0.07189542483660133,0
7467574,12334,2024/2025,7,complete,3767,MTK,119,Ferencváros,1,1,3,1605.56,1768.17,1,23,50,4.3500,3.6500,1.6500,1,21.00,19.00,2.00,2.00,3,3,1.8,3,1.97,1.78,0.03999999999999998,0,0,0.040000000000000036
7467574,12334,2024/2025,7,complete,119,Ferencváros,3767,MTK,0,3,1,1768.17,1605.56,1,50,23,1.6500,3.6500,4.3500,1,19.00,21.00,2.00,2.00,3,3,3,1.8,1.78,1.97,0,0.03999999999999998,0.040000000000000036,0
7467571,12334,2024/2025,7,complete,3785,Zalaegerszegi TE,3776,Kecskeméti TE,1,2,1,1591.98,1515.50,2,17,67,2.2000,3.1500,3.1500,2,20.00,19.00,1.50,0.00,0,1.5,0.8,0.83,1.52,0.86,0.07999999999999996,0,0,-0.30000000000000004
7467571,12334,2024/2025,7,complete,3776,Kecskeméti TE,3785,Zalaegerszegi TE,0,1,2,1515.50,1591.98,2,67,17,3.1500,3.1500,2.2000,2,19.00,20.00,0.00,1.50,1.5,0,0.83,0.8,0.86,1.52,0,0.07999999999999996,-0.30000000000000004,0
7467572,12334,2024/2025,7,complete,3766,Újpest,3771,Diósgyőr,1,0,0,1579.30,1506.19,0,48,36,1.8500,3.4000,3.7500,0,20.00,20.00,1.60,1.75,1.5,2,1.5,1.33,1.55,1.21,0.21999999999999997,0,0,-0.09999999999999998
7467572,12334,2024/2025,7,complete,3771,Diósgyőr,3766,Újpest,0,0,0,1506.19,1579.30,0,36,48,3.7500,3.4000,1.8500,0,20.00,20.00,1.75,1.60,2,1.5,1.33,1.5,1.21,1.55,0,0.21999999999999997,-0.09999999999999998,0
7467570,12334,2024/2025,7,complete,3780,Nyíregyháza Spartacus,984,Debrecen,1,3,2,1530.80,1541.56,2,0,25,2.7000,3.3500,2.3500,2,19.00,21.00,1.75,0.80,1.33,2,0.67,1.4,1.43,1.03,0.08359133126934987,0,0,-0.24
7467570,12334,2024/2025,7,complete,984,Debrecen,3780,Nyíregyháza Spartacus,0,2,3,1541.56,1530.80,2,25,0,2.3500,3.3500,2.7000,2,21.00,19.00,0.80,1.75,2,1.33,1.4,0.67,1.03,1.43,0,0.08359133126934987,-0.24,0
7467573,12334,2024/2025,7,complete,3773,Puskás,962,Videoton,1,3,0,1734.80,1565.77,2,24,38,1.7000,3.9000,4.4000,2,20.00,22.00,3.00,0.40,0.67,3,2.4,1.5,1.51,1.13,0.16000000000000003,0,0,-0.32000000000000006
7467573,12334,2024/2025,7,complete,962,Videoton,3773,Puskás,0,0,3,1565.77,1734.80,2,38,24,4.4000,3.9000,1.7000,2,22.00,20.00,0.40,3.00,3,0.67,1.5,2.4,1.13,1.51,0,0.16000000000000003,-0.32000000000000006,0
7467575,12334,2024/2025,7,complete,993,Győri ETO,3772,Paksi SE,1,2,1,1511.79,1592.39,2,50,25,3.2000,3.3500,2.0000,2,21.00,21.00,1.50,1.00,0.5,0,0.2,2,1.88,1.38,0.07481060606060608,0,0,-0.25999999999999995
7467575,12334,2024/2025,7,complete,3772,Paksi SE,993,Győri ETO,0,1,2,1592.39,1511.79,2,25,50,2.0000,3.3500,3.2000,2,21.00,21.00,1.00,1.50,0,0.5,2,0.2,1.38,1.88,0,0.07481060606060608,-0.25999999999999995,0
7467576,12334,2024/2025,8,complete,3766,Újpest,993,Győri ETO,1,0,0,1577.63,1423.63,0,25,50,1.9100,3.6000,3.6100,0,6.00,5.00,1.60,0.50,0.33,1.75,1.43,0.67,1.5,1.34,0.21999999999999997,0,0,-0.09090909090909094
7467576,12334,2024/2025,8,complete,993,Győri ETO,3766,Újpest,0,0,0,1423.63,1577.63,0,50,25,3.6100,3.6000,1.9100,0,5.00,6.00,0.50,1.60,1.75,0.33,0.67,1.43,1.34,1.5,0,0.21999999999999997,-0.09090909090909094,0
7467577,12334,2024/2025,8,complete,3771,Diósgyőr,3785,Zalaegerszegi TE,1,2,1,1607.86,1500.23,2,40,50,2.1900,3.5000,2.8800,2,6.00,7.00,1.60,0.25,0.33,1.25,1.29,1.17,1.29,1.31,0.09999999999999998,0,0,-0.09999999999999998
7467577,12334,2024/2025,8,complete,3785,Zalaegerszegi TE,3771,Diósgyőr,0,1,2,1500.23,1607.86,2,50,40,2.8800,3.5000,2.1900,2,7.00,6.00,0.25,1.60,1.25,0.33,1.17,1.29,1.31,1.29,0,0.09999999999999998,-0.09999999999999998,0
7467578,12334,2024/2025,8,complete,3776,Kecskeméti TE,3780,Nyíregyháza Spartacus,1,0,2,1607.24,1441.04,1,20,20,2.0300,3.5000,3.4200,1,7.00,6.00,1.00,0.60,0,1.25,0.71,1,1.46,1.21,0.30000000000000004,0,0,-0.12280701754385964
7467578,12334,2024/2025,8,complete,3780,Nyíregyháza Spartacus,3776,Kecskeméti TE,0,2,0,1441.04,1607.24,1,20,20,3.4200,3.5000,2.0300,1,6.00,7.00,0.60,1.00,1.25,0,1,0.71,1.21,1.46,0,0.30000000000000004,-0.12280701754385964,0
7467579,12334,2024/2025,8,complete,984,Debrecen,3767,MTK,1,2,3,1631.31,1499.14,1,35,40,2.0000,3.7500,3.2500,1,7.00,7.00,1.00,1.80,1.5,1.5,1.17,1.5,1.71,1.16,0.24,0,0,-0.020000000000000018
7467579,12334,2024/2025,8,complete,3767,MTK,984,Debrecen,0,3,2,1499.14,1631.31,1,40,35,3.2500,3.7500,2.0000,1,7.00,7.00,1.80,1.00,1.5,1.5,1.5,1.17,1.16,1.71,0,0.24,-0.020000000000000018,0
7467581,12334,2024/2025,8,complete,962,Videoton,3772,Paksi SE,1,1,2,1659.47,1580.56,1,39,29,2.5000,3.2000,2.5000,1,6.00,6.00,1.75,1.00,0.33,2.33,1.29,1.67,1.56,1.39,0.32000000000000006,0,0,-0.27999999999999997
7467581,12334,2024/2025,8,complete,3772,Paksi SE,962,Videoton,0,2,1,1580.56,1659.47,1,29,39,2.5000,3.2000,2.5000,1,6.00,6.00,1.00,1.75,2.33,0.33,1.67,1.29,1.39,1.56,0,0.32000000000000006,-0.27999999999999997,0
7467580,12334,2024/2025,8,complete,119,Ferencváros,3773,Puskás,1,3,0,1874.59,1641.09,2,38,21,1.4500,4.5000,6.5000,2,3.00,7.00,3.00,1.00,1.5,3,3,2.5,1.83,1.2,-0.040000000000000036,0,0,-0.18000000000000005
7467580,12334,2024/2025,8,complete,3773,Puskás,119,Ferencváros,0,0,3,1641.09,1874.59,2,21,38,6.5000,4.5000,1.4500,2,7.00,3.00,1.00,3.00,3,1.5,2.5,3,1.2,1.83,0,-0.040000000000000036,-0.18000000000000005,0
7467585,12334,2024/2025,9,complete,3773,Puskás,984,Debrecen,1,1,0,1736.00,1518.36,2,27,38,1.5700,3.5000,4.5000,2,5.00,6.00,3.00,0.80,1,3,2.14,1,1.56,1.04,0.18000000000000005,0,0,-0.21999999999999997
7467585,12334,2024/2025,9,complete,984,Debrecen,3773,Puskás,0,0,1,1518.36,1736.00,2,38,27,4.5000,3.5000,1.5700,2,6.00,5.00,0.80,3.00,3,1,1,2.14,1.04,1.56,0,0.18000000000000005,-0.21999999999999997,0
7467587,12334,2024/2025,9,complete,993,Győri ETO,962,Videoton,1,3,1,1527.03,1547.68,2,40,20,2.1500,3.4000,2.9000,2,7.00,5.00,1.50,0.40,0.5,1,0.71,1.13,1.81,1.2,0.1024955436720143,0,0,-0.30000000000000004
7467587,12334,2024/2025,9,complete,962,Videoton,993,Győri ETO,0,1,3,1547.68,1527.03,2,20,40,2.9000,3.4000,2.1500,2,5.00,7.00,0.40,1.50,1,0.5,1.13,0.71,1.2,1.81,0,0.1024955436720143,-0.30000000000000004,0
7467586,12334,2024/2025,9,complete,3767,MTK,3776,Kecskeméti TE,1,3,1,1612.09,1493.59,2,43,14,1.9100,3.4000,3.5000,2,6.00,7.00,2.00,0.00,0,1.5,1.71,0.63,1.55,1.19,0.020000000000000018,0,0,-0.28
7467586,12334,2024/2025,9,complete,3776,Kecskeméti TE,3767,MTK,0,1,3,1493.59,1612.09,2,14,43,3.5000,3.4000,1.9100,2,7.00,6.00,0.00,2.00,1.5,0,0.63,1.71,1.19,1.55,0,0.020000000000000018,-0.28,0
7467582,12334,2024/2025,9,complete,3780,Nyíregyháza Spartacus,3771,Diósgyőr,1,0,2,1554.69,1515.43,1,17,67,2.1500,3.4000,2.9000,1,7.00,7.00,1.75,1.75,1.33,2.33,1.25,1.5,1.42,1.2,0.08333333333333331,0,0,-0.12
7467582,12334,2024/2025,9,complete,3771,Diósgyőr,3780,Nyíregyháza Spartacus,0,2,0,1515.43,1554.69,1,67,17,2.9000,3.4000,2.1500,1,7.00,7.00,1.75,1.75,2.33,1.33,1.5,1.25,1.2,1.42,0,0.08333333333333331,-0.12,0
7467583,12334,2024/2025,9,complete,3785,Zalaegerszegi TE,3766,Újpest,1,0,2,1592.66,1474.23,1,33,40,2.3000,3.3000,2.6000,1,8.00,8.00,1.50,1.50,1,2,1,1.38,1.75,1.14,0.12,0,0,-0.2
7467583,12334,2024/2025,9,complete,3766,Újpest,3785,Zalaegerszegi TE,0,2,0,1474.23,1592.66,1,40,33,2.6000,3.3000,2.3000,1,8.00,8.00,1.50,1.50,2,1,1.38,1,1.14,1.75,0,0.12,-0.2,0
7467584,12334,2024/2025,9,complete,3772,Paksi SE,119,Ferencváros,1,3,1,1692.36,1779.68,2,18,61,4.5000,3.7500,1.6500,2,7.00,7.00,3.00,2.00,3,3,1.86,3,1.4,1.7,0.25999999999999995,0,0,0.040000000000000036
7467584,12334,2024/2025,9,complete,119,Ferencváros,3772,Paksi SE,0,1,3,1779.68,1692.36,2,61,18,1.6500,3.7500,4.5000,2,7.00,7.00,2.00,3.00,3,3,3,1.86,1.7,1.4,0,0.25999999999999995,0.040000000000000036,0
7467592,12334,2024/2025,10,complete,984,Debrecen,3772,Paksi SE,1,0,5,1612.99,1604.34,1,39,21,2.2400,3.2100,2.6000,1,14.00,12.00,0.75,1.40,1,1,0.88,2,1.57,1.45,0.21999999999999997,0,0,-0.25999999999999995
7467592,12334,2024/2025,10,complete,3772,Paksi SE,984,Debrecen,0,5,0,1604.34,1612.99,1,21,39,2.6000,3.2100,2.2400,1,12.00,14.00,1.40,0.75,1,1,2,0.88,1.45,1.57,0,0.21999999999999997,-0.25999999999999995,0
7467590,12334,2024/2025,10,complete,3771,Diósgyőr,3767,MTK,1,0,2,1626.33,1519.43,1,18,41,2.1700,3.0400,2.6200,1,13.00,14.00,1.33,2.00,1.8,1.6,1.67,1.88,1.21,1.31,0.10000000000000003,0,0,-0.03999999999999998
7467590,12334,2024/2025,10,complete,3767,MTK,3771,Diósgyőr,0,2,0,1519.43,1626.33,1,41,18,2.6200,3.0400,2.1700,1,14.00,13.00,2.00,1.33,1.6,1.8,1.88,1.67,1.31,1.21,0,0.10000000000000003,-0.03999999999999998,0
7467589,12334,2024/2025,10,complete,3766,Újpest,3780,Nyíregyháza Spartacus,1,1,0,1586.89,1443.79,2,100,0,1.7500,3.7000,3.9000,2,13.00,14.00,1.83,0.50,0.6,1.6,1.56,1.11,1.52,1.26,0.18,0,0,-0.06578947368421051
7467589,12334,2024/2025,10,complete,3780,Nyíregyháza Spartacus,3766,Újpest,0,0,1,1443.79,1586.89,2,0,100,3.9000,3.7000,1.7500,2,14.00,13.00,0.50,1.83,1.6,0.6,1.11,1.56,1.26,1.52,0,0.18,-0.06578947368421051,0
7467591,12334,2024/2025,0,complete,3776,Kecskeméti TE,3773,Puskás,1,0,3,1586.25,1641.37,1,30,40,4.1000,3.7200,1.8000,1,14.00,15.00,0.83,1.50,1,1,0.56,2.25,1.54,1.24,0.28,0,0,-0.18000000000000005
7467591,12334,2024/2025,0,complete,3773,Puskás,3776,Kecskeméti TE,0,3,0,1641.37,1586.25,1,40,30,1.8000,3.7200,4.1000,1,15.00,14.00,1.50,0.83,1,1,2.25,0.56,1.24,1.54,0,0.28,-0.18000000000000005,0
7467588,12334,2024/2025,10,complete,3785,Zalaegerszegi TE,993,Győri ETO,1,1,2,1580.00,1437.51,1,25,25,2.2700,3.4300,2.9600,1,13.00,15.00,1.20,1.00,0.5,1.5,0.88,1,1.7,1.31,0.12,0,0,-0.11764705882352944
7467588,12334,2024/2025,10,complete,993,Győri ETO,3785,Zalaegerszegi TE,0,2,1,1437.51,1580.00,1,25,25,2.9600,3.4300,2.2700,1,15.00,13.00,1.00,1.20,1.5,0.5,1,0.88,1.31,1.7,0,0.12,-0.11764705882352944,0
7467593,12334,2024/2025,10,complete,119,Ferencváros,962,Videoton,1,2,0,1867.69,1537.20,2,50,25,1.2500,5.2500,8.0000,2,13.00,15.00,3.00,0.33,0.4,3,2.57,1,1.71,1.19,-0.020000000000000018,0,0,-0.30000000000000004
7467593,12334,2024/2025,10,complete,962,Videoton,119,Ferencváros,0,0,2,1537.20,1867.69,2,25,50,8.0000,5.2500,1.2500,2,15.00,13.00,0.33,3.00,3,0.4,1,2.57,1.19,1.71,0,-0.020000000000000018,-0.30000000000000004,0
7467597,12334,2024/2025,11,complete,3773,Puskás,3771,Diósgyőr,1,1,1,1750.11,1513.92,0,41,32,1.5300,4.0000,5.2500,0,6.00,6.00,2.43,1.83,1.75,3,2.33,1.5,1.57,1.17,0.18000000000000005,0,0,-0.08000000000000002
7467597,12334,2024/2025,11,complete,3771,Diósgyőr,3773,Puskás,0,1,1,1513.92,1750.11,0,32,41,5.2500,4.0000,1.5300,0,6.00,6.00,1.83,2.43,3,1.75,1.5,2.33,1.17,1.57,0,0.18000000000000005,-0.08000000000000002,0
7467595,12334,2024/2025,0,complete,962,Videoton,984,Debrecen,1,2,0,1633.62,1502.79,2,57,29,2.1500,3.5000,2.8700,2,5.00,7.00,2.17,0.71,0.8,1.75,0.9,0.78,1.52,0.98,0.30000000000000004,0,0,-0.21999999999999997
7467595,12334,2024/2025,0,complete,984,Debrecen,962,Videoton,0,0,2,1502.79,1633.62,2,29,57,2.8700,3.5000,2.1500,2,7.00,5.00,0.71,2.17,1.75,0.8,0.78,0.9,0.98,1.52,0,0.30000000000000004,-0.21999999999999997,0
7467598,12334,2024/2025,11,complete,3767,MTK,3766,Újpest,1,4,1,1631.84,1493.71,2,55,23,2.3300,3.3600,2.8600,2,7.00,7.00,2.00,1.17,1.5,2,2,1.7,1.64,1.08,0.03999999999999998,0,0,-0.18
7467598,12334,2024/2025,11,complete,3766,Újpest,3767,MTK,0,1,4,1493.71,1631.84,2,23,55,2.8600,3.3600,2.3300,2,7.00,7.00,1.17,2.00,2,1.5,1.7,2,1.08,1.64,0,0.03999999999999998,-0.18,0
7467594,12334,2024/2025,0,complete,3780,Nyíregyháza Spartacus,3785,Zalaegerszegi TE,1,1,1,1536.97,1466.83,0,38,38,2.1700,3.3600,3.1300,0,7.00,6.00,1.60,0.50,0.25,1.75,1,0.78,1.41,1.34,0.07769423558897243,0,0,-0.12
7467594,12334,2024/2025,0,complete,3785,Zalaegerszegi TE,3780,Nyíregyháza Spartacus,0,1,1,1466.83,1536.97,0,38,38,3.1300,3.3600,2.1700,0,6.00,7.00,0.50,1.60,1.75,0.25,0.78,1,1.34,1.41,0,0.07769423558897243,-0.12,0
7467596,12334,2024/2025,11,complete,3772,Paksi SE,3776,Kecskeméti TE,1,1,0,1714.54,1477.52,2,30,30,1.7000,3.7500,4.4100,2,8.00,7.00,2.50,0.00,0,3,2.11,0.5,1.43,1.18,0.23999999999999994,0,0,-0.28
7467596,12334,2024/2025,11,complete,3776,Kecskeméti TE,3772,Paksi SE,0,0,1,1477.52,1714.54,2,30,30,4.4100,3.7500,1.7000,2,7.00,8.00,0.00,2.50,3,0,0.5,2.11,1.18,1.43,0,0.23999999999999994,-0.28,0
7467599,12334,2024/2025,11,complete,993,Győri ETO,119,Ferencváros,1,1,1,1550.68,1771.28,0,0,80,5.4100,4.0800,1.5700,0,7.00,7.00,1.33,1.75,2,1.5,1.22,2.63,1.77,1.93,0.09999999999999998,0,0,0.0
7467599,12334,2024/2025,11,complete,119,Ferencváros,993,Győri ETO,0,1,1,1771.28,1550.68,0,80,0,1.5700,4.0800,5.4100,0,7.00,7.00,1.75,1.33,1.5,2,2.63,1.22,1.93,1.77,0,0.09999999999999998,0.0,0
7467601,12334,2024/2025,12,complete,3767,MTK,3785,Zalaegerszegi TE,1,1,1,1638.77,1468.43,0,42,50,1.9200,3.6500,3.6300,0,6.00,5.00,2.00,0.50,0.4,2.25,2.1,0.8,1.61,1.21,0.06,0,0,-0.12
7467601,12334,2024/2025,12,complete,3785,Zalaegerszegi TE,3767,MTK,0,1,1,1468.43,1638.77,0,50,42,3.6300,3.6500,1.9200,0,5.00,6.00,0.50,2.00,2.25,0.4,0.8,2.1,1.21,1.61,0,0.06,-0.12,0
7467602,12334,2024/2025,0,complete,3773,Puskás,3766,Újpest,1,1,1,1745.15,1486.79,0,48,26,1.6700,3.8700,4.7200,0,7.00,6.00,2.43,1.17,1.2,2.67,2.2,1.55,1.7,1.17,0.16000000000000003,0,0,-0.18
7467602,12334,2024/2025,0,complete,3766,Újpest,3773,Puskás,0,1,1,1486.79,1745.15,0,26,48,4.7200,3.8700,1.6700,0,6.00,7.00,1.17,2.43,2.67,1.2,1.55,2.2,1.17,1.7,0,0.16000000000000003,-0.18,0
7467600,12334,2024/2025,0,complete,993,Győri ETO,3780,Nyíregyháza Spartacus,1,1,1,1555.36,1435.37,0,65,35,2.1300,3.3100,3.0600,0,6.00,6.00,1.33,0.57,0.5,1.4,1.2,1,1.62,1.24,0.08571428571428569,0,0,-0.06190476190476191
7467600,12334,2024/2025,0,complete,3780,Nyíregyháza Spartacus,993,Győri ETO,0,1,1,1435.37,1555.36,0,35,65,3.0600,3.3100,2.1300,0,6.00,6.00,0.57,1.33,1.4,0.5,1,1.2,1.24,1.62,0,0.08571428571428569,-0.06190476190476191,0
7467603,12334,2024/2025,12,complete,3772,Paksi SE,3771,Diósgyőr,1,3,4,1719.57,1518.88,1,46,35,1.6100,4.0000,4.5000,1,6.00,7.00,2.50,1.83,1.6,3,2.2,1.45,1.44,1.04,0.23999999999999994,0,0,-0.08000000000000002
7467603,12334,2024/2025,12,complete,3771,Diósgyőr,3772,Paksi SE,0,4,3,1518.88,1719.57,1,35,46,4.5000,4.0000,1.6100,1,7.00,6.00,1.83,2.50,3,1.6,1.45,2.2,1.04,1.44,0,0.23999999999999994,-0.08000000000000002,0
7467605,12334,2024/2025,12,complete,119,Ferencváros,984,Debrecen,1,2,2,1866.59,1495.72,0,48,17,1.2600,5.5000,9.2500,0,6.00,7.00,2.67,0.71,0.67,3,2.44,0.7,1.61,0.99,0.020000000000000018,0,0,-0.21999999999999997
7467605,12334,2024/2025,12,complete,984,Debrecen,119,Ferencváros,0,2,2,1495.72,1866.59,0,17,48,9.2500,5.5000,1.2600,0,7.00,6.00,0.71,2.67,3,0.67,0.7,2.44,0.99,1.61,0,0.020000000000000018,-0.21999999999999997,0
7467604,12334,2024/2025,12,complete,962,Videoton,3776,Kecskeméti TE,1,6,1,1640.69,1472.49,2,36,36,1.9600,3.4800,3.5100,2,8.00,7.00,2.17,0.00,0,2,1.09,0.45,1.58,1.18,0.32000000000000006,0,0,-0.28
7467604,12334,2024/2025,12,complete,3776,Kecskeméti TE,962,Videoton,0,1,6,1472.49,1640.69,2,36,36,3.5100,3.4800,1.9600,2,7.00,8.00,0.00,2.17,2,0,0.45,1.09,1.18,1.58,0,0.32000000000000006,-0.28,0
7467610,12334,2024/2025,13,incomplete,3780,Nyíregyháza Spartacus,3767,MTK,1,0,0,1538.07,1535.03,0,25,63,2.4000,3.4000,2.4500,0,6.00,6.00,1.60,2.00,2,1.6,1,2,1.42,1.39,0.07272727272727272,0,0,-0.06
7467610,12334,2024/2025,13,incomplete,3767,MTK,3780,Nyíregyháza Spartacus,0,0,0,1535.03,1538.07,0,63,25,2.4500,3.4000,2.4000,0,6.00,6.00,2.00,1.60,1.6,2,2,1,1.39,1.42,0,0.07272727272727272,-0.06,0
7467609,12334,2024/2025,13,incomplete,3785,Zalaegerszegi TE,3773,Puskás,1,0,0,1572.17,1639.82,0,42,32,3.6500,3.5000,1.8000,0,7.00,6.00,1.20,1.50,1.5,1.2,0.82,2.09,1.7,1.24,0.12,0,0,-0.14
7467609,12334,2024/2025,13,incomplete,3773,Puskás,3785,Zalaegerszegi TE,0,0,0,1639.82,1572.17,0,32,42,1.8000,3.5000,3.6500,0,6.00,7.00,1.50,1.20,1.2,1.5,2.09,0.82,1.24,1.7,0,0.12,-0.14,0
7467611,12334,2024/2025,13,incomplete,984,Debrecen,993,Győri ETO,1,0,0,1602.65,1452.66,0,78,11,2.0500,3.5000,2.8500,0,6.00,6.00,0.75,1.00,1,0.75,0.73,1.18,1.41,1.33,0.21999999999999997,0,0,-0.07222222222222219
7467611,12334,2024/2025,13,incomplete,993,Győri ETO,984,Debrecen,0,0,0,1452.66,1602.65,0,11,78,2.8500,3.5000,2.0500,0,6.00,6.00,1.00,0.75,0.75,1,1.18,0.73,1.33,1.41,0,0.21999999999999997,-0.07222222222222219,0
7467608,12334,2024/2025,13,incomplete,3766,Újpest,3772,Paksi SE,1,0,0,1592.12,1605.25,0,29,32,2.3000,3.3000,2.6000,0,7.00,6.00,1.83,1.40,1.4,1.83,1.5,2,1.54,1.79,0.18,0,0,-0.23999999999999994
7467608,12334,2024/2025,13,incomplete,3772,Paksi SE,3766,Újpest,0,0,0,1605.25,1592.12,0,32,29,2.6000,3.3000,2.3000,0,6.00,7.00,1.40,1.83,1.83,1.4,2,1.5,1.79,1.54,0,0.18,-0.23999999999999994,0
7467607,12334,2024/2025,13,incomplete,3771,Diósgyőr,962,Videoton,1,0,0,1633.20,1547.00,0,30,56,2.1500,3.3000,3.0000,0,7.00,6.00,1.33,0.33,0.33,1.33,1.58,1.25,1.33,1.27,0.08000000000000002,0,0,-0.3400000000000001
7467607,12334,2024/2025,13,incomplete,962,Videoton,3771,Diósgyőr,0,0,0,1547.00,1633.20,0,56,30,3.0000,3.3000,2.1500,0,6.00,7.00,0.33,1.33,1.33,0.33,1.25,1.58,1.27,1.33,0,0.08000000000000002,-0.3400000000000001,0
7467606,12334,2024/2025,13,incomplete,3776,Kecskeméti TE,119,Ferencváros,1,0,0,1566.18,1759.66,0,27,55,6.5000,4.4000,1.3600,0,7.00,7.00,0.83,1.75,1.75,0.83,0.42,2.3,1.54,1.89,0.30000000000000004,0,0,-0.020000000000000018
7467606,12334,2024/2025,13,incomplete,119,Ferencváros,3776,Kecskeméti TE,0,0,0,1759.66,1566.18,0,55,27,1.3600,4.4000,6.5000,0,7.00,7.00,1.75,0.83,0.83,1.75,2.3,0.42,1.89,1.54,0,0.30000000000000004,-0.020000000000000018,0
7467546,12334,2024/2025,3,incomplete,3780,Nyíregyháza Spartacus,3773,Puskás,1,0,0,1538.00,1638.27,0,20,80,0.0000,0.0000,0.0000,0,14.00,13.00,1.75,1.00,1,1.75,1.11,2.25,1.41,1.24,0.05844155844155843,0,0,-0.15999999999999998
7467546,12334,2024/2025,3,incomplete,3773,Puskás,3780,Nyíregyháza Spartacus,0,0,0,1638.27,1538.00,0,80,20,0.0000,0.0000,0.0000,0,13.00,14.00,1.00,1.75,1.75,1,2.25,1.11,1.24,1.41,0,0.05844155844155843,-0.15999999999999998,0
7467613,12334,2024/2025,14,incomplete,3772,Paksi SE,3785,Zalaegerszegi TE,1,0,0,1704.95,1473.71,0,44,25,0.0000,0.0000,0.0000,0,13.00,13.00,3.00,0.25,0.25,3,2,0.88,1.43,1.34,0.23999999999999994,0,0,-0.09999999999999998
7467613,12334,2024/2025,14,incomplete,3785,Zalaegerszegi TE,3772,Paksi SE,0,0,0,1473.71,1704.95,0,25,44,0.0000,0.0000,0.0000,0,13.00,13.00,0.25,3.00,3,0.25,0.88,2,1.34,1.43,0,0.23999999999999994,-0.09999999999999998,0
7467614,12334,2024/2025,14,incomplete,962,Videoton,3766,Újpest,1,0,0,1648.96,1492.42,0,51,31,0.0000,0.0000,0.0000,0,12.00,13.00,1.75,1.50,1.5,1.75,1,1.56,1.52,1.08,0.36000000000000004,0,0,-0.15999999999999998
7467614,12334,2024/2025,14,incomplete,3766,Újpest,962,Videoton,0,0,0,1492.42,1648.96,0,31,51,0.0000,0.0000,0.0000,0,13.00,12.00,1.50,1.75,1.75,1.5,1.56,1,1.08,1.52,0,0.36000000000000004,-0.15999999999999998,0
7467615,12334,2024/2025,14,incomplete,119,Ferencváros,3771,Diósgyőr,1,0,0,1855.48,1531.24,0,78,15,0.0000,0.0000,0.0000,0,12.00,12.00,3.00,1.75,1.75,3,2.57,1.67,1.71,1.17,0.040000000000000036,0,0,-0.08000000000000002
7467615,12334,2024/2025,14,incomplete,3771,Diósgyőr,119,Ferencváros,0,0,0,1531.24,1855.48,0,15,78,0.0000,0.0000,0.0000,0,12.00,12.00,1.75,3.00,3,1.75,1.67,2.57,1.17,1.71,0,0.040000000000000036,-0.08000000000000002,0
7467616,12334,2024/2025,14,incomplete,984,Debrecen,3776,Kecskeméti TE,1,0,0,1599.32,1470.36,0,42,17,0.0000,0.0000,0.0000,0,13.00,12.00,1.00,0.00,0,1,0.88,0.56,1.57,1.18,0.21999999999999997,0,0,-0.30000000000000004
7467616,12334,2024/2025,14,incomplete,3776,Kecskeméti TE,984,Debrecen,0,0,0,1470.36,1599.32,0,17,42,0.0000,0.0000,0.0000,0,12.00,13.00,0.00,1.00,1,0,0.56,0.88,1.18,1.57,0,0.21999999999999997,-0.30000000000000004,0
7467617,12334,2024/2025,14,incomplete,3767,MTK,993,Győri ETO,1,0,0,1635.10,1455.99,0,50,40,0.0000,0.0000,0.0000,0,14.00,13.00,2.00,0.50,0.5,2,1.88,1,1.64,1.31,0.06,0,0,-0.08333333333333331
7467617,12334,2024/2025,14,incomplete,993,Győri ETO,3767,MTK,0,0,0,1455.99,1635.10,0,40,50,0.0000,0.0000,0.0000,0,13.00,14.00,0.50,2.00,2,0.5,1,1.88,1.31,1.64,0,0.06,-0.08333333333333331,0
7467618,12334,2024/2025,15,incomplete,993,Győri ETO,3776,Kecskeméti TE,1,0,0,1559.89,1473.25,0,25,50,0.0000,0.0000,0.0000,0,7.00,7.00,1.50,0.00,0,1.5,1,0.56,1.77,1.18,0.09384384384384381,0,0,-0.30000000000000004
7467618,12334,2024/2025,15,incomplete,3776,Kecskeméti TE,993,Győri ETO,0,0,0,1473.25,1559.89,0,50,25,0.0000,0.0000,0.0000,0,7.00,7.00,0.00,1.50,1.5,0,0.56,1,1.18,1.77,0,0.09384384384384381,-0.30000000000000004,0
7467619,12334,2024/2025,15,incomplete,3771,Diósgyőr,984,Debrecen,1,0,0,1637.57,1496.44,0,22,65,0.0000,0.0000,0.0000,0,7.00,7.00,1.60,0.80,0.8,1.6,1.67,0.88,1.21,0.98,0.08000000000000002,0,0,-0.19999999999999996
7467619,12334,2024/2025,15,incomplete,984,Debrecen,3771,Diósgyőr,0,0,0,1496.44,1637.57,0,65,22,0.0000,0.0000,0.0000,0,7.00,7.00,0.80,1.60,1.6,0.8,0.88,1.67,0.98,1.21,0,0.08000000000000002,-0.19999999999999996,0
7467620,12334,2024/2025,15,incomplete,3766,Újpest,119,Ferencváros,1,0,0,1595.88,1749.15,0,6,78,0.0000,0.0000,0.0000,0,7.00,7.00,1.60,2.00,2,1.6,1.56,2.57,1.52,1.93,0.15999999999999998,0,0,-0.020000000000000018
7467620,12334,2024/2025,15,incomplete,119,Ferencváros,3766,Újpest,0,0,0,1749.15,1595.88,0,78,6,0.0000,0.0000,0.0000,0,7.00,7.00,2.00,1.60,1.6,2,2.57,1.56,1.93,1.52,0,0.15999999999999998,-0.020000000000000018,0
7467621,12334,2024/2025,15,incomplete,3785,Zalaegerszegi TE,962,Videoton,1,0,0,1578.58,1545.51,0,22,33,0.0000,0.0000,0.0000,0,7.00,7.00,1.50,0.40,0.4,1.5,0.88,1,1.7,1.19,0.09999999999999998,0,0,-0.34
7467621,12334,2024/2025,15,incomplete,962,Videoton,3785,Zalaegerszegi TE,0,0,0,1545.51,1578.58,0,33,22,0.0000,0.0000,0.0000,0,7.00,7.00,0.40,1.50,1.5,0.4,1,0.88,1.19,1.7,0,0.09999999999999998,-0.34,0
7467622,12334,2024/2025,15,incomplete,3780,Nyíregyháza Spartacus,3772,Paksi SE,1,0,0,1540.27,1600.07,0,0,75,0.0000,0.0000,0.0000,0,7.00,7.00,1.75,1.00,1,1.75,1.11,2,1.41,1.45,0.04545454545454544,0,0,-0.23999999999999994
7467622,12334,2024/2025,15,incomplete,3772,Paksi SE,3780,Nyíregyháza Spartacus,0,0,0,1600.07,1540.27,0,75,0,0.0000,0.0000,0.0000,0,7.00,7.00,1.00,1.75,1.75,1,2,1.11,1.45,1.41,0,0.04545454545454544,-0.23999999999999994,0
7467623,12334,2024/2025,15,incomplete,3767,MTK,3773,Puskás,1,0,0,1631.20,1636.00,0,45,45,0.0000,0.0000,0.0000,0,7.00,7.00,2.00,1.00,1,2,1.88,2.25,1.64,1.24,0.03999999999999998,0,0,-0.15999999999999998
7467623,12334,2024/2025,15,incomplete,3773,Puskás,3767,MTK,0,0,0,1636.00,1631.20,0,45,45,0.0000,0.0000,0.0000,0,7.00,7.00,1.00,2.00,2,1,2.25,1.88,1.24,1.64,0,0.03999999999999998,-0.15999999999999998,0
7467539,12334,2024/2025,1,incomplete,984,Debrecen,119,Ferencváros,1,0,0,1599.58,1745.76,0,17,48,0.0000,0.0000,0.0000,0,4.00,4.00,1.00,2.00,2,1,0.88,2.57,1.57,1.93,0.19999999999999996,0,0,-0.040000000000000036
7467539,12334,2024/2025,1,incomplete,119,Ferencváros,984,Debrecen,0,0,0,1745.76,1599.58,0,48,17,0.0000,0.0000,0.0000,0,4.00,4.00,2.00,1.00,1,2,2.57,0.88,1.93,1.57,0,0.19999999999999996,-0.040000000000000036,0
7467562,12334,2024/2025,5,incomplete,3767,MTK,3772,Paksi SE,1,0,0,1631.31,1598.70,0,23,55,0.0000,0.0000,0.0000,0,4.00,4.00,2.00,1.00,1,2,1.88,2,1.64,1.45,0.020000000000000018,0,0,-0.23999999999999994
7467562,12334,2024/2025,5,incomplete,3772,Paksi SE,3767,MTK,0,0,0,1598.70,1631.31,0,55,23,0.0000,0.0000,0.0000,0,4.00,4.00,1.00,2.00,2,1,2,1.88,1.45,1.64,0,0.020000000000000018,-0.23999999999999994,0
7467563,12334,2024/2025,5,incomplete,993,Győri ETO,3773,Puskás,1,0,0,1557.92,1635.89,0,60,20,0.0000,0.0000,0.0000,0,4.00,4.00,1.50,1.00,1,1.5,1,2.25,1.77,1.24,0.08108108108108109,0,0,-0.15999999999999998
7467563,12334,2024/2025,5,incomplete,3773,Puskás,993,Győri ETO,0,0,0,1635.89,1557.92,0,20,60,0.0000,0.0000,0.0000,0,4.00,4.00,1.00,1.50,1.5,1,2.25,1,1.24,1.77,0,0.08108108108108109,-0.15999999999999998,0
7467624,12334,2024/2025,16,incomplete,962,Videoton,3780,Nyíregyháza Spartacus,1,0,0,1646.27,1441.63,0,67,0,0.0000,0.0000,0.0000,0,7.00,7.00,1.75,0.60,0.6,1.75,1,1.11,1.52,1.26,0.34,0,0,-0.03359683794466403
7467624,12334,2024/2025,16,incomplete,3780,Nyíregyháza Spartacus,962,Videoton,0,0,0,1441.63,1646.27,0,0,67,0.0000,0.0000,0.0000,0,7.00,7.00,0.60,1.75,1.75,0.6,1.11,1,1.26,1.52,0,0.34,-0.03359683794466403,0
7467625,12334,2024/2025,16,incomplete,119,Ferencváros,3785,Zalaegerszegi TE,1,0,0,1842.51,1477.82,0,73,13,0.0000,0.0000,0.0000,0,2.00,7.00,3.00,0.25,0.25,3,2.57,0.88,1.71,1.34,0.06000000000000005,0,0,-0.08000000000000002
7467625,12334,2024/2025,16,incomplete,3785,Zalaegerszegi TE,119,Ferencváros,0,0,0,1477.82,1842.51,0,13,73,0.0000,0.0000,0.0000,0,7.00,2.00,0.25,3.00,3,0.25,0.88,2.57,1.34,1.71,0,0.06000000000000005,-0.08000000000000002,0
7467626,12334,2024/2025,16,incomplete,984,Debrecen,3766,Újpest,1,0,0,1602.82,1499.27,0,34,38,0.0000,0.0000,0.0000,0,2.00,7.00,1.00,1.50,1.5,1,0.88,1.56,1.57,1.08,0.19999999999999996,0,0,-0.15999999999999998
7467626,12334,2024/2025,16,incomplete,3766,Újpest,984,Debrecen,0,0,0,1499.27,1602.82,0,38,34,0.0000,0.0000,0.0000,0,7.00,2.00,1.50,1.00,1,1.5,1.56,0.88,1.08,1.57,0,0.19999999999999996,-0.15999999999999998,0
7467627,12334,2024/2025,16,incomplete,3776,Kecskeméti TE,3771,Diósgyőr,1,0,0,1575.22,1534.43,0,20,40,0.0000,0.0000,0.0000,0,7.00,7.00,1.00,1.75,1.75,1,0.56,1.67,1.54,1.17,0.32,0,0,-0.08000000000000002
7467627,12334,2024/2025,16,incomplete,3771,Diósgyőr,3776,Kecskeméti TE,0,0,0,1534.43,1575.22,0,40,20,0.0000,0.0000,0.0000,0,7.00,7.00,1.75,1.00,1,1.75,1.67,0.56,1.17,1.54,0,0.32,-0.08000000000000002,0
7467628,12334,2024/2025,16,incomplete,3772,Paksi SE,3767,MTK,1,0,0,1699.45,1530.56,0,55,23,0.0000,0.0000,0.0000,0,2.00,2.00,3.00,1.80,1.8,3,2,1.88,1.43,1.31,0.23999999999999994,0,0,0.0
7467628,12334,2024/2025,16,incomplete,3767,MTK,3772,Paksi SE,0,0,0,1530.56,1699.45,0,23,55,0.0000,0.0000,0.0000,0,2.00,2.00,1.80,3.00,3,1.8,1.88,2,1.31,1.43,0,0.23999999999999994,0.0,0
7467629,12334,2024/2025,16,incomplete,3773,Puskás,993,Győri ETO,1,0,0,1734.12,1459.70,0,20,60,0.0000,0.0000,0.0000,0,2.00,2.00,3.00,0.50,0.5,3,2.25,1,1.57,1.31,0.15999999999999998,0,0,-0.06899004267425318
7467629,12334,2024/2025,16,incomplete,993,Győri ETO,3773,Puskás,0,0,0,1459.70,1734.12,0,60,20,0.0000,0.0000,0.0000,0,2.00,2.00,0.50,3.00,3,0.5,1,2.25,1.31,1.57,0,0.15999999999999998,-0.06899004267425318,0
7467630,12334,2024/2025,17,incomplete,993,Győri ETO,3771,Diósgyőr,1,0,0,1565.29,1535.37,0,11,44,0.0000,0.0000,0.0000,0,7.00,7.00,1.50,1.75,1.75,1.5,1,1.67,1.77,1.17,0.07894736842105265,0,0,-0.09999999999999998
7467630,12334,2024/2025,17,incomplete,3771,Diósgyőr,993,Győri ETO,0,0,0,1535.37,1565.29,0,44,11,0.0000,0.0000,0.0000,0,7.00,7.00,1.75,1.50,1.5,1.75,1.67,1,1.17,1.77,0,0.07894736842105265,-0.09999999999999998,0
7467631,12334,2024/2025,17,incomplete,3766,Újpest,3776,Kecskeméti TE,1,0,0,1601.61,1474.28,0,45,36,0.0000,0.0000,0.0000,0,7.00,7.00,1.60,0.00,0,1.6,1.56,0.56,1.52,1.18,0.15999999999999998,0,0,-0.3
7467631,12334,2024/2025,17,incomplete,3776,Kecskeméti TE,3766,Újpest,0,0,0,1474.28,1601.61,0,36,45,0.0000,0.0000,0.0000,0,7.00,7.00,0.00,1.60,1.6,0,0.56,1.56,1.18,1.52,0,0.15999999999999998,-0.3,0
7467632,12334,2024/2025,17,incomplete,3785,Zalaegerszegi TE,984,Debrecen,1,0,0,1584.68,1500.48,0,31,62,0.0000,0.0000,0.0000,0,7.00,7.00,1.50,0.80,0.8,1.5,0.88,0.88,1.7,0.98,0.08000000000000002,0,0,-0.18
7467632,12334,2024/2025,17,incomplete,984,Debrecen,3785,Zalaegerszegi TE,0,0,0,1500.48,1584.68,0,62,31,0.0000,0.0000,0.0000,0,7.00,7.00,0.80,1.50,1.5,0.8,0.88,0.88,0.98,1.7,0,0.08000000000000002,-0.18,0
7467633,12334,2024/2025,17,incomplete,3780,Nyíregyháza Spartacus,119,Ferencváros,1,0,0,1546.03,1735.66,0,0,75,0.0000,0.0000,0.0000,0,7.00,7.00,1.75,2.00,2,1.75,1.11,2.57,1.41,1.93,0.043478260869565216,0,0,-0.06000000000000005
7467633,12334,2024/2025,17,incomplete,119,Ferencváros,3780,Nyíregyháza Spartacus,0,0,0,1735.66,1546.03,0,75,0,0.0000,0.0000,0.0000,0,7.00,7.00,2.00,1.75,1.75,2,2.57,1.11,1.93,1.41,0,0.043478260869565216,-0.06000000000000005,0
7467634,12334,2024/2025,17,incomplete,3767,MTK,962,Videoton,1,0,0,1634.26,1541.88,0,21,71,0.0000,0.0000,0.0000,0,7.00,7.00,2.00,0.40,0.4,2,1.88,1,1.64,1.19,0.0,0,0,-0.32
7467634,12334,2024/2025,17,incomplete,962,Videoton,3767,MTK,0,0,0,1541.88,1634.26,0,71,21,0.0000,0.0000,0.0000,0,7.00,7.00,0.40,2.00,2,0.4,1,1.88,1.19,1.64,0,0.0,-0.32,0
7467635,12334,2024/2025,17,incomplete,3773,Puskás,3772,Paksi SE,1,0,0,1728.52,1595.75,0,41,48,0.0000,0.0000,0.0000,0,7.00,7.00,3.00,1.00,1,3,2.25,2,1.57,1.45,0.15999999999999998,0,0,-0.22000000000000003
7467635,12334,2024/2025,17,incomplete,3772,Paksi SE,3773,Puskás,0,0,0,1595.75,1728.52,0,48,41,0.0000,0.0000,0.0000,0,7.00,7.00,1.00,3.00,3,1,2,2.25,1.45,1.57,0,0.15999999999999998,-0.22000000000000003,0
7467559,12334,2024/2025,5,incomplete,3785,Zalaegerszegi TE,119,Ferencváros,1,0,0,1584.91,1725.57,0,13,73,0.0000,0.0000,0.0000,0,4.00,4.00,1.50,2.00,2,1.5,0.88,2.57,1.7,1.93,0.08000000000000002,0,0,-0.040000000000000036
7467559,12334,2024/2025,5,incomplete,119,Ferencváros,3785,Zalaegerszegi TE,0,0,0,1725.57,1584.91,0,73,13,0.0000,0.0000,0.0000,0,4.00,4.00,2.00,1.50,1.5,2,2.57,0.88,1.93,1.7,0,0.08000000000000002,-0.040000000000000036,0
7467642,12334,2024/2025,19,incomplete,993,Győri ETO,3766,Újpest,1,0,0,1569.53,1501.82,0,40,20,0.0000,0.0000,0.0000,0,7.00,7.00,1.50,1.50,1.5,1.5,1,1.56,1.77,1.08,0.07692307692307693,0,0,-0.18
7467642,12334,2024/2025,19,incomplete,3766,Újpest,993,Győri ETO,0,0,0,1501.82,1569.53,0,20,40,0.0000,0.0000,0.0000,0,7.00,7.00,1.50,1.50,1.5,1.5,1.56,1,1.08,1.77,0,0.07692307692307693,-0.18,0
7467643,12334,2024/2025,19,incomplete,3785,Zalaegerszegi TE,3771,Diósgyőr,1,0,0,1588.04,1532.99,0,45,45,0.0000,0.0000,0.0000,0,2.00,7.00,1.50,1.75,1.75,1.5,0.88,1.67,1.7,1.17,0.06,0,0,-0.09999999999999998
7467643,12334,2024/2025,19,incomplete,3771,Diósgyőr,3785,Zalaegerszegi TE,0,0,0,1532.99,1588.04,0,45,45,0.0000,0.0000,0.0000,0,7.00,2.00,1.75,1.50,1.5,1.75,1.67,0.88,1.17,1.7,0,0.06,-0.09999999999999998,0
7467644,12334,2024/2025,19,incomplete,3780,Nyíregyháza Spartacus,3776,Kecskeméti TE,1,0,0,1553.50,1474.99,0,33,17,0.0000,0.0000,0.0000,0,7.00,7.00,1.75,0.00,0,1.75,1.11,0.56,1.41,1.18,0.04166666666666666,0,0,-0.27999999999999997
7467644,12334,2024/2025,19,incomplete,3776,Kecskeméti TE,3780,Nyíregyháza Spartacus,0,0,0,1474.99,1553.50,0,17,33,0.0000,0.0000,0.0000,0,7.00,7.00,0.00,1.75,1.75,0,0.56,1.11,1.18,1.41,0,0.04166666666666666,-0.27999999999999997,0
7467645,12334,2024/2025,19,incomplete,3767,MTK,984,Debrecen,1,0,0,1638.14,1499.03,0,43,33,0.0000,0.0000,0.0000,0,7.00,7.00,2.00,0.80,0.8,2,1.88,0.88,1.64,0.98,0.0,0,0,-0.18
7467645,12334,2024/2025,19,incomplete,984,Debrecen,3767,MTK,0,0,0,1499.03,1638.14,0,33,43,0.0000,0.0000,0.0000,0,7.00,7.00,0.80,2.00,2,0.8,0.88,1.88,0.98,1.64,0,0.0,-0.18,0
7467646,12334,2024/2025,19,incomplete,3773,Puskás,119,Ferencváros,1,0,0,1725.98,1722.44,0,20,40,0.0000,0.0000,0.0000,0,7.00,2.00,3.00,2.00,2,3,2.25,2.57,1.57,1.93,0.15999999999999998,0,0,-0.040000000000000036
7467646,12334,2024/2025,19,incomplete,119,Ferencváros,3773,Puskás,0,0,0,1722.44,1725.98,0,40,20,0.0000,0.0000,0.0000,0,2.00,7.00,2.00,3.00,3,2,2.57,2.25,1.93,1.57,0,0.15999999999999998,-0.040000000000000036,0
7467647,12334,2024/2025,19,incomplete,3772,Paksi SE,962,Videoton,1,0,0,1693.79,1543.55,0,31,38,0.0000,0.0000,0.0000,0,7.00,7.00,3.00,0.40,0.4,3,2,1,1.43,1.19,0.24000000000000005,0,0,-0.3
7467647,12334,2024/2025,19,incomplete,962,Videoton,3772,Paksi SE,0,0,0,1543.55,1693.79,0,38,31,0.0000,0.0000,0.0000,0,7.00,7.00,0.40,3.00,3,0.4,1,2,1.19,1.43,0,0.24000000000000005,-0.3,0
7467648,12334,2024/2025,20,incomplete,3771,Diósgyőr,3780,Nyíregyháza Spartacus,1,0,0,1634.25,1451.72,0,71,14,0.0000,0.0000,0.0000,0,7.00,7.00,1.60,0.60,0.6,1.6,1.67,1.11,1.21,1.26,0.12,0,0,-0.03166666666666665
7467648,12334,2024/2025,20,incomplete,3780,Nyíregyháza Spartacus,3771,Diósgyőr,0,0,0,1451.72,1634.25,0,14,71,0.0000,0.0000,0.0000,0,7.00,7.00,0.60,1.60,1.6,0.6,1.11,1.67,1.26,1.21,0,0.12,-0.03166666666666665,0
7467649,12334,2024/2025,20,incomplete,3766,Újpest,3785,Zalaegerszegi TE,1,0,0,1603.37,1486.77,0,44,31,0.0000,0.0000,0.0000,0,7.00,7.00,1.60,0.25,0.25,1.6,1.56,0.88,1.52,1.34,0.18,0,0,-0.03999999999999998
7467649,12334,2024/2025,20,incomplete,3785,Zalaegerszegi TE,3766,Újpest,0,0,0,1486.77,1603.37,0,31,44,0.0000,0.0000,0.0000,0,7.00,7.00,0.25,1.60,1.6,0.25,0.88,1.56,1.34,1.52,0,0.18,-0.03999999999999998,0
7467650,12334,2024/2025,20,incomplete,119,Ferencváros,3772,Paksi SE,1,0,0,1822.53,1590.46,0,59,21,0.0000,0.0000,0.0000,0,7.00,7.00,3.00,1.00,1,3,2.57,2,1.71,1.45,0.05999999999999994,0,0,-0.22000000000000003
7467650,12334,2024/2025,20,incomplete,3772,Paksi SE,119,Ferencváros,0,0,0,1590.46,1822.53,0,21,59,0.0000,0.0000,0.0000,0,7.00,7.00,1.00,3.00,3,1,2,2.57,1.45,1.71,0,0.05999999999999994,-0.22000000000000003,0
7467651,12334,2024/2025,20,incomplete,984,Debrecen,3773,Puskás,1,0,0,1602.13,1625.90,0,37,30,0.0000,0.0000,0.0000,0,7.00,7.00,1.00,1.00,1,1,0.88,2.25,1.57,1.24,0.18,0,0,-0.14
7467651,12334,2024/2025,20,incomplete,3773,Puskás,984,Debrecen,0,0,0,1625.90,1602.13,0,30,37,0.0000,0.0000,0.0000,0,7.00,7.00,1.00,1.00,1,1,2.25,0.88,1.24,1.57,0,0.18,-0.14,0
7467652,12334,2024/2025,20,incomplete,3776,Kecskeméti TE,3767,MTK,1,0,0,1576.78,1535.05,0,13,50,0.0000,0.0000,0.0000,0,7.00,7.00,1.00,1.80,1.8,1,0.56,1.88,1.54,1.31,0.27999999999999997,0,0,0.0
7467652,12334,2024/2025,20,incomplete,3767,MTK,3776,Kecskeméti TE,0,0,0,1535.05,1576.78,0,50,13,0.0000,0.0000,0.0000,0,7.00,7.00,1.80,1.00,1,1.8,1.88,0.56,1.31,1.54,0,0.27999999999999997,0.0,0
7467653,12334,2024/2025,20,incomplete,962,Videoton,993,Győri ETO,1,0,0,1646.88,1467.98,0,17,50,0.0000,0.0000,0.0000,0,7.00,7.00,1.75,0.50,0.5,1.75,1,1,1.52,1.31,0.3,0,0,-0.06602564102564101
7467653,12334,2024/2025,20,incomplete,993,Győri ETO,962,Videoton,0,0,0,1467.98,1646.88,0,50,17,0.0000,0.0000,0.0000,0,7.00,7.00,0.50,1.75,1.75,0.5,1,1,1.31,1.52,0,0.3,-0.06602564102564101,0
7467654,12334,2024/2025,21,incomplete,993,Győri ETO,3785,Zalaegerszegi TE,1,0,0,1571.88,1489.40,0,25,25,0.0000,0.0000,0.0000,0,7.00,7.00,1.50,0.25,0.25,1.5,1,0.88,1.77,1.34,0.07500000000000001,0,0,-0.06
7467654,12334,2024/2025,21,incomplete,3785,Zalaegerszegi TE,993,Győri ETO,0,0,0,1489.40,1571.88,0,25,25,0.0000,0.0000,0.0000,0,7.00,7.00,0.25,1.50,1.5,0.25,0.88,1,1.34,1.77,0,0.07500000000000001,-0.06,0
7467655,12334,2024/2025,21,incomplete,3780,Nyíregyháza Spartacus,3766,Újpest,1,0,0,1555.69,1500.74,0,0,100,0.0000,0.0000,0.0000,0,7.00,7.00,1.75,1.50,1.5,1.75,1.11,1.56,1.41,1.08,0.03999999999999998,0,0,-0.15999999999999998
7467655,12334,2024/2025,21,incomplete,3766,Újpest,3780,Nyíregyháza Spartacus,0,0,0,1500.74,1555.69,0,100,0,0.0000,0.0000,0.0000,0,7.00,7.00,1.50,1.75,1.75,1.5,1.56,1.11,1.08,1.41,0,0.03999999999999998,-0.15999999999999998,0
7467656,12334,2024/2025,21,incomplete,3767,MTK,3771,Diósgyőr,1,0,0,1636.00,1530.28,0,41,18,0.0000,0.0000,0.0000,0,7.00,7.00,2.00,1.75,1.75,2,1.88,1.67,1.64,1.17,0.0,0,0,-0.12
7467656,12334,2024/2025,21,incomplete,3771,Diósgyőr,3767,MTK,0,0,0,1530.28,1636.00,0,18,41,0.0000,0.0000,0.0000,0,7.00,7.00,1.75,2.00,2,1.75,1.67,1.88,1.17,1.64,0,0.0,-0.12,0
7467657,12334,2024/2025,21,incomplete,3773,Puskás,3776,Kecskeméti TE,1,0,0,1725.35,1475.82,0,40,30,0.0000,0.0000,0.0000,0,7.00,7.00,3.00,0.00,0,3,2.25,0.56,1.57,1.18,0.14,0,0,-0.27999999999999997
7467657,12334,2024/2025,21,incomplete,3776,Kecskeméti TE,3773,Puskás,0,0,0,1475.82,1725.35,0,30,40,0.0000,0.0000,0.0000,0,7.00,7.00,0.00,3.00,3,0,0.56,2.25,1.18,1.57,0,0.14,-0.27999999999999997,0
7467658,12334,2024/2025,21,incomplete,3772,Paksi SE,984,Debrecen,1,0,0,1695.35,1502.67,0,21,39,0.0000,0.0000,0.0000,0,7.00,7.00,3.00,0.80,0.8,3,2,0.88,1.43,0.98,0.24000000000000005,0,0,-0.18
7467658,12334,2024/2025,21,incomplete,984,Debrecen,3772,Paksi SE,0,0,0,1502.67,1695.35,0,39,21,0.0000,0.0000,0.0000,0,7.00,7.00,0.80,3.00,3,0.8,0.88,2,0.98,1.43,0,0.24000000000000005,-0.18,0
7467659,12334,2024/2025,21,incomplete,962,Videoton,119,Ferencváros,1,0,0,1642.97,1717.64,0,25,50,0.0000,0.0000,0.0000,0,7.00,7.00,1.75,2.00,2,1.75,1,2.57,1.52,1.93,0.27999999999999997,0,0,-0.05999999999999994
7467659,12334,2024/2025,21,incomplete,119,Ferencváros,962,Videoton,0,0,0,1717.64,1642.97,0,50,25,0.0000,0.0000,0.0000,0,7.00,7.00,2.00,1.75,1.75,2,2.57,1,1.93,1.52,0,0.27999999999999997,-0.05999999999999994,0
7467660,12334,2024/2025,22,incomplete,3785,Zalaegerszegi TE,3780,Nyíregyháza Spartacus,1,0,0,1591.27,1454.43,0,38,38,0.0000,0.0000,0.0000,0,7.00,7.00,1.50,0.60,0.6,1.5,0.88,1.11,1.7,1.26,0.07999999999999999,0,0,-0.03076923076923077
7467660,12334,2024/2025,22,incomplete,3780,Nyíregyháza Spartacus,3785,Zalaegerszegi TE,0,0,0,1454.43,1591.27,0,38,38,0.0000,0.0000,0.0000,0,7.00,7.00,0.60,1.50,1.5,0.6,1.11,0.88,1.26,1.7,0,0.07999999999999999,-0.03076923076923077,0
7467661,12334,2024/2025,22,incomplete,984,Debrecen,962,Videoton,1,0,0,1606.84,1544.68,0,29,57,0.0000,0.0000,0.0000,0,7.00,7.00,1.00,0.40,0.4,1,0.88,1,1.57,1.19,0.2,0,0,-0.26
7467661,12334,2024/2025,22,incomplete,962,Videoton,984,Debrecen,0,0,0,1544.68,1606.84,0,57,29,0.0000,0.0000,0.0000,0,7.00,7.00,0.40,1.00,1,0.4,1,0.88,1.19,1.57,0,0.2,-0.26,0
7467662,12334,2024/2025,22,incomplete,3776,Kecskeméti TE,3772,Paksi SE,1,0,0,1581.01,1591.18,0,30,30,0.0000,0.0000,0.0000,0,7.00,7.00,1.00,1.00,1,1,0.56,2,1.54,1.45,0.3,0,0,-0.24000000000000005
7467662,12334,2024/2025,22,incomplete,3772,Paksi SE,3776,Kecskeméti TE,0,0,0,1591.18,1581.01,0,30,30,0.0000,0.0000,0.0000,0,7.00,7.00,1.00,1.00,1,1,2,0.56,1.45,1.54,0,0.3,-0.24000000000000005,0
7467663,12334,2024/2025,22,incomplete,3771,Diósgyőr,3773,Puskás,1,0,0,1632.67,1620.17,0,32,41,0.0000,0.0000,0.0000,0,7.00,7.00,1.60,1.00,1,1.6,1.67,2.25,1.21,1.24,0.12,0,0,-0.12
7467663,12334,2024/2025,22,incomplete,3773,Puskás,3771,Diósgyőr,0,0,0,1620.17,1632.67,0,41,32,0.0000,0.0000,0.0000,0,7.00,7.00,1.00,1.60,1.6,1,2.25,1.67,1.24,1.21,0,0.12,-0.12,0
7467664,12334,2024/2025,22,incomplete,3766,Újpest,3767,MTK,1,0,0,1602.00,1533.62,0,23,55,0.0000,0.0000,0.0000,0,7.00,7.00,1.60,1.80,1.8,1.6,1.56,1.88,1.52,1.31,0.15999999999999998,0,0,0.0
7467664,12334,2024/2025,22,incomplete,3767,MTK,3766,Újpest,0,0,0,1533.62,1602.00,0,55,23,0.0000,0.0000,0.0000,0,7.00,7.00,1.80,1.60,1.6,1.8,1.88,1.56,1.31,1.52,0,0.15999999999999998,0.0,0
7467665,12334,2024/2025,22,incomplete,119,Ferencváros,993,Győri ETO,1,0,0,1815.94,1470.01,0,80,0,0.0000,0.0000,0.0000,0,7.00,7.00,3.00,0.50,0.5,3,2.57,1,1.71,1.31,0.07999999999999996,0,0,-0.06463414634146342
7467665,12334,2024/2025,22,incomplete,993,Győri ETO,119,Ferencváros,0,0,0,1470.01,1815.94,0,0,80,0.0000,0.0000,0.0000,0,7.00,7.00,0.50,3.00,3,0.5,1,2.57,1.31,1.71,0,0.07999999999999996,-0.06463414634146342,0
7467666,12334,2024/2025,23,incomplete,3780,Nyíregyháza Spartacus,993,Győri ETO,1,0,0,1557.48,1476.63,0,35,65,0.0000,0.0000,0.0000,0,7.00,7.00,1.75,0.50,0.5,1.75,1.11,1,1.41,1.31,0.038461538461538464,0,0,-0.07317073170731703
7467666,12334,2024/2025,23,incomplete,993,Győri ETO,3780,Nyíregyháza Spartacus,0,0,0,1476.63,1557.48,0,65,35,0.0000,0.0000,0.0000,0,7.00,7.00,0.50,1.75,1.75,0.5,1,1.11,1.31,1.41,0,0.038461538461538464,-0.07317073170731703,0
7467667,12334,2024/2025,23,incomplete,3785,Zalaegerszegi TE,3767,MTK,1,0,0,1588.22,1535.18,0,50,42,0.0000,0.0000,0.0000,0,7.00,7.00,1.50,1.80,1.8,1.5,0.88,1.88,1.7,1.31,0.07999999999999999,0,0,-0.020000000000000018
7467667,12334,2024/2025,23,incomplete,3767,MTK,3785,Zalaegerszegi TE,0,0,0,1535.18,1588.22,0,42,50,0.0000,0.0000,0.0000,0,7.00,7.00,1.80,1.50,1.5,1.8,1.88,0.88,1.31,1.7,0,0.07999999999999999,-0.020000000000000018,0
7467668,12334,2024/2025,23,incomplete,3766,Újpest,3773,Puskás,1,0,0,1600.44,1620.45,0,26,48,0.0000,0.0000,0.0000,0,7.00,7.00,1.60,1.00,1,1.6,1.56,2.25,1.52,1.24,0.14,0,0,-0.12
7467668,12334,2024/2025,23,incomplete,3773,Puskás,3766,Újpest,0,0,0,1620.45,1600.44,0,48,26,0.0000,0.0000,0.0000,0,7.00,7.00,1.00,1.60,1.6,1,2.25,1.56,1.24,1.52,0,0.14,-0.12,0
7467669,12334,2024/2025,23,incomplete,3771,Diósgyőr,3772,Paksi SE,1,0,0,1632.38,1590.95,0,35,46,0.0000,0.0000,0.0000,0,7.00,7.00,1.60,1.00,1,1.6,1.67,2,1.21,1.45,0.10000000000000003,0,0,-0.24000000000000005
7467669,12334,2024/2025,23,incomplete,3772,Paksi SE,3771,Diósgyőr,0,0,0,1590.95,1632.38,0,46,35,0.0000,0.0000,0.0000,0,7.00,7.00,1.00,1.60,1.6,1,2,1.67,1.45,1.21,0,0.10000000000000003,-0.24000000000000005,0
7467670,12334,2024/2025,23,incomplete,3776,Kecskeméti TE,962,Videoton,1,0,0,1581.24,1546.10,0,36,36,0.0000,0.0000,0.0000,0,7.00,7.00,1.00,0.40,0.4,1,0.56,1,1.54,1.19,0.28,0,0,-0.26
7467670,12334,2024/2025,23,incomplete,962,Videoton,3776,Kecskeméti TE,0,0,0,1546.10,1581.24,0,36,36,0.0000,0.0000,0.0000,0,7.00,7.00,0.40,1.00,1,0.4,1,0.56,1.19,1.54,0,0.28,-0.26,0
7467671,12334,2024/2025,23,incomplete,984,Debrecen,119,Ferencváros,1,0,0,1605.42,1709.31,0,17,48,0.0000,0.0000,0.0000,0,7.00,7.00,1.00,2.00,2,1,0.88,2.57,1.57,1.93,0.18,0,0,-0.07999999999999996
7467671,12334,2024/2025,23,incomplete,119,Ferencváros,984,Debrecen,0,0,0,1709.31,1605.42,0,48,17,0.0000,0.0000,0.0000,0,7.00,7.00,2.00,1.00,1,2,2.57,0.88,1.93,1.57,0,0.18,-0.07999999999999996,0
7467672,12334,2024/2025,24,incomplete,119,Ferencváros,3776,Kecskeméti TE,1,0,0,1806.97,1480.44,0,55,27,0.0000,0.0000,0.0000,0,8.00,8.00,3.00,0.00,0,3,2.57,0.56,1.71,1.18,0.07999999999999996,0,0,-0.26
7467672,12334,2024/2025,24,incomplete,3776,Kecskeméti TE,119,Ferencváros,0,0,0,1480.44,1806.97,0,27,55,0.0000,0.0000,0.0000,0,8.00,8.00,0.00,3.00,3,0,0.56,2.57,1.18,1.71,0,0.07999999999999996,-0.26,0
7467673,12334,2024/2025,24,incomplete,962,Videoton,3771,Diósgyőr,1,0,0,1646.91,1531.43,0,54,31,0.0000,0.0000,0.0000,0,8.00,8.00,1.75,1.75,1.75,1.75,1,1.67,1.52,1.17,0.28,0,0,-0.08000000000000002
7467673,12334,2024/2025,24,incomplete,3771,Diósgyőr,962,Videoton,0,0,0,1531.43,1646.91,0,31,54,0.0000,0.0000,0.0000,0,8.00,8.00,1.75,1.75,1.75,1.75,1.67,1,1.17,1.52,0,0.28,-0.08000000000000002,0
7467674,12334,2024/2025,24,incomplete,3772,Paksi SE,3766,Újpest,1,0,0,1691.90,1500.90,0,32,29,0.0000,0.0000,0.0000,0,8.00,8.00,3.00,1.50,1.5,3,2,1.56,1.43,1.08,0.24000000000000005,0,0,-0.14
7467674,12334,2024/2025,24,incomplete,3766,Újpest,3772,Paksi SE,0,0,0,1500.90,1691.90,0,29,32,0.0000,0.0000,0.0000,0,8.00,8.00,1.50,3.00,3,1.5,1.56,2,1.08,1.43,0,0.24000000000000005,-0.14,0
7467675,12334,2024/2025,24,incomplete,3773,Puskás,3785,Zalaegerszegi TE,1,0,0,1719.99,1487.01,0,32,42,0.0000,0.0000,0.0000,0,8.00,8.00,3.00,0.25,0.25,3,2.25,0.88,1.57,1.34,0.12,0,0,-0.07999999999999999
7467675,12334,2024/2025,24,incomplete,3785,Zalaegerszegi TE,3773,Puskás,0,0,0,1487.01,1719.99,0,42,32,0.0000,0.0000,0.0000,0,8.00,8.00,0.25,3.00,3,0.25,0.88,2.25,1.34,1.57,0,0.12,-0.07999999999999999,0
7467676,12334,2024/2025,24,incomplete,3767,MTK,3780,Nyíregyháza Spartacus,1,0,0,1636.39,1455.64,0,63,25,0.0000,0.0000,0.0000,0,8.00,8.00,2.00,0.60,0.6,2,1.88,1.11,1.64,1.26,0.03999999999999998,0,0,-0.02991452991452989
7467676,12334,2024/2025,24,incomplete,3780,Nyíregyháza Spartacus,3767,MTK,0,0,0,1455.64,1636.39,0,25,63,0.0000,0.0000,0.0000,0,8.00,8.00,0.60,2.00,2,0.6,1.11,1.88,1.26,1.64,0,0.03999999999999998,-0.02991452991452989,0
7467677,12334,2024/2025,24,incomplete,993,Győri ETO,984,Debrecen,1,0,0,1578.47,1507.77,0,11,78,0.0000,0.0000,0.0000,0,8.00,8.00,1.50,0.80,0.8,1.5,1,0.88,1.77,0.98,0.08130081300813008,0,0,-0.18
7467677,12334,2024/2025,24,incomplete,984,Debrecen,993,Győri ETO,0,0,0,1507.77,1578.47,0,78,11,0.0000,0.0000,0.0000,0,8.00,8.00,0.80,1.50,1.5,0.8,0.88,1,0.98,1.77,0,0.08130081300813008,-0.18,0
7467678,12334,2024/2025,25,incomplete,3780,Nyíregyháza Spartacus,3773,Puskás,1,0,0,1559.58,1615.09,0,20,80,0.0000,0.0000,0.0000,0,13.00,13.00,1.75,1.00,1,1.75,1.11,2.25,1.41,1.24,0.037037037037037035,0,0,-0.12
7467678,12334,2024/2025,25,incomplete,3773,Puskás,3780,Nyíregyháza Spartacus,0,0,0,1615.09,1559.58,0,80,20,0.0000,0.0000,0.0000,0,13.00,13.00,1.00,1.75,1.75,1,2.25,1.11,1.24,1.41,0,0.037037037037037035,-0.12,0
7467679,12334,2024/2025,25,incomplete,3785,Zalaegerszegi TE,3772,Paksi SE,1,0,0,1591.91,1587.77,0,25,44,0.0000,0.0000,0.0000,0,13.00,13.00,1.50,1.00,1,1.5,0.88,2,1.7,1.45,0.07999999999999999,0,0,-0.22000000000000003
7467679,12334,2024/2025,25,incomplete,3772,Paksi SE,3785,Zalaegerszegi TE,0,0,0,1587.77,1591.91,0,44,25,0.0000,0.0000,0.0000,0,13.00,13.00,1.00,1.50,1.5,1,2,0.88,1.45,1.7,0,0.07999999999999999,-0.22000000000000003,0
7467680,12334,2024/2025,25,incomplete,3766,Újpest,962,Videoton,1,0,0,1605.04,1544.31,0,31,51,0.0000,0.0000,0.0000,0,13.00,13.00,1.60,0.40,0.4,1.6,1.56,1,1.52,1.19,0.14,0,0,-0.28
7467680,12334,2024/2025,25,incomplete,962,Videoton,3766,Újpest,0,0,0,1544.31,1605.04,0,51,31,0.0000,0.0000,0.0000,0,13.00,13.00,0.40,1.60,1.6,0.4,1,1.56,1.19,1.52,0,0.14,-0.28,0
7467681,12334,2024/2025,25,incomplete,3771,Diósgyőr,119,Ferencváros,1,0,0,1634.03,1700.60,0,15,78,0.0000,0.0000,0.0000,0,13.00,13.00,1.60,2.00,2,1.6,1.67,2.57,1.21,1.93,0.08000000000000002,0,0,-0.05999999999999994
7467681,12334,2024/2025,25,incomplete,119,Ferencváros,3771,Diósgyőr,0,0,0,1700.60,1634.03,0,78,15,0.0000,0.0000,0.0000,0,13.00,13.00,2.00,1.60,1.6,2,2.57,1.67,1.93,1.21,0,0.08000000000000002,-0.05999999999999994,0
7467682,12334,2024/2025,25,incomplete,3776,Kecskeméti TE,984,Debrecen,1,0,0,1586.80,1509.38,0,17,42,0.0000,0.0000,0.0000,0,13.00,13.00,1.00,0.80,0.8,1,0.56,0.88,1.54,0.98,0.26,0,0,-0.2
7467682,12334,2024/2025,25,incomplete,984,Debrecen,3776,Kecskeméti TE,0,0,0,1509.38,1586.80,0,42,17,0.0000,0.0000,0.0000,0,13.00,13.00,0.80,1.00,1,0.8,0.88,0.56,0.98,1.54,0,0.26,-0.2,0
7467683,12334,2024/2025,25,incomplete,993,Győri ETO,3767,MTK,1,0,0,1576.85,1532.46,0,40,50,0.0000,0.0000,0.0000,0,13.00,13.00,1.50,1.80,1.8,1.5,1,1.88,1.77,1.31,0.07142857142857145,0,0,-0.03999999999999998
7467683,12334,2024/2025,25,incomplete,3767,MTK,993,Győri ETO,0,0,0,1532.46,1576.85,0,50,40,0.0000,0.0000,0.0000,0,13.00,13.00,1.80,1.50,1.5,1.8,1.88,1,1.31,1.77,0,0.07142857142857145,-0.03999999999999998,0
7467684,12334,2024/2025,26,incomplete,3776,Kecskeméti TE,993,Győri ETO,1,0,0,1585.03,1475.83,0,50,25,0.0000,0.0000,0.0000,0,6.00,6.00,1.00,0.50,0.5,1,0.56,1,1.54,1.31,0.24,0,0,-0.06201550387596899
7467684,12334,2024/2025,26,incomplete,993,Győri ETO,3776,Kecskeméti TE,0,0,0,1475.83,1585.03,0,25,50,0.0000,0.0000,0.0000,0,6.00,6.00,0.50,1.00,1,0.5,1,0.56,1.31,1.54,0,0.24,-0.06201550387596899,0
7467685,12334,2024/2025,26,incomplete,984,Debrecen,3771,Diósgyőr,1,0,0,1611.14,1535.55,0,65,22,0.0000,0.0000,0.0000,0,6.00,6.00,1.00,1.75,1.75,1,0.88,1.67,1.57,1.17,0.2,0,0,-0.06
7467685,12334,2024/2025,26,incomplete,3771,Diósgyőr,984,Debrecen,0,0,0,1535.55,1611.14,0,22,65,0.0000,0.0000,0.0000,0,6.00,6.00,1.75,1.00,1,1.75,1.67,0.88,1.17,1.57,0,0.2,-0.06,0
7467686,12334,2024/2025,26,incomplete,119,Ferencváros,3766,Újpest,1,0,0,1799.08,1503.65,0,78,6,0.0000,0.0000,0.0000,0,6.00,6.00,3.00,1.50,1.5,3,2.57,1.56,1.71,1.08,0.07999999999999996,0,0,-0.12
7467686,12334,2024/2025,26,incomplete,3766,Újpest,119,Ferencváros,0,0,0,1503.65,1799.08,0,6,78,0.0000,0.0000,0.0000,0,6.00,6.00,1.50,3.00,3,1.5,1.56,2.57,1.08,1.71,0,0.07999999999999996,-0.12,0
7467687,12334,2024/2025,26,incomplete,962,Videoton,3785,Zalaegerszegi TE,1,0,0,1645.70,1491.82,0,33,22,0.0000,0.0000,0.0000,0,6.00,6.00,1.75,0.25,0.25,1.75,1,0.88,1.52,1.34,0.28,0,0,-0.060000000000000026
7467687,12334,2024/2025,26,incomplete,3785,Zalaegerszegi TE,962,Videoton,0,0,0,1491.82,1645.70,0,22,33,0.0000,0.0000,0.0000,0,6.00,6.00,0.25,1.75,1.75,0.25,0.88,1,1.34,1.52,0,0.28,-0.060000000000000026,0
7467688,12334,2024/2025,26,incomplete,3772,Paksi SE,3780,Nyíregyháza Spartacus,1,0,0,1687.86,1460.85,0,75,0,0.0000,0.0000,0.0000,0,6.00,6.00,3.00,0.60,0.6,3,2,1.11,1.43,1.26,0.22000000000000003,0,0,-0.0291005291005291
7467688,12334,2024/2025,26,incomplete,3780,Nyíregyháza Spartacus,3772,Paksi SE,0,0,0,1460.85,1687.86,0,0,75,0.0000,0.0000,0.0000,0,6.00,6.00,0.60,3.00,3,0.6,1.11,2,1.26,1.43,0,0.22000000000000003,-0.0291005291005291,0
7467689,12334,2024/2025,26,incomplete,3773,Puskás,3767,MTK,1,0,0,1713.82,1533.47,0,45,45,0.0000,0.0000,0.0000,0,6.00,6.00,3.00,1.80,1.8,3,2.25,1.88,1.57,1.31,0.12,0,0,-0.03999999999999998
7467689,12334,2024/2025,26,incomplete,3767,MTK,3773,Puskás,0,0,0,1533.47,1713.82,0,45,45,0.0000,0.0000,0.0000,0,6.00,6.00,1.80,3.00,3,1.8,1.88,2.25,1.31,1.57,0,0.12,-0.03999999999999998,0
7467690,12334,2024/2025,27,incomplete,3780,Nyíregyháza Spartacus,962,Videoton,1,0,0,1565.65,1542.29,0,0,67,0.0000,0.0000,0.0000,0,7.00,7.00,1.75,0.40,0.4,1.75,1.11,1,1.41,1.19,0.0357142857142857,0,0,-0.28
7467690,12334,2024/2025,27,incomplete,962,Videoton,3780,Nyíregyháza Spartacus,0,0,0,1542.29,1565.65,0,67,0,0.0000,0.0000,0.0000,0,7.00,7.00,0.40,1.75,1.75,0.4,1,1.11,1.19,1.41,0,0.0357142857142857,-0.28,0
7467691,12334,2024/2025,27,incomplete,3785,Zalaegerszegi TE,119,Ferencváros,1,0,0,1595.22,1693.17,0,13,73,0.0000,0.0000,0.0000,0,7.00,7.00,1.50,2.00,2,1.5,0.88,2.57,1.7,1.93,0.060000000000000026,0,0,-0.05999999999999994
7467691,12334,2024/2025,27,incomplete,119,Ferencváros,3785,Zalaegerszegi TE,0,0,0,1693.17,1595.22,0,73,13,0.0000,0.0000,0.0000,0,7.00,7.00,2.00,1.50,1.5,2,2.57,0.88,1.93,1.7,0,0.060000000000000026,-0.05999999999999994,0
7467692,12334,2024/2025,27,incomplete,3766,Újpest,984,Debrecen,1,0,0,1609.56,1509.42,0,38,34,0.0000,0.0000,0.0000,0,7.00,7.00,1.60,0.80,0.8,1.6,1.56,0.88,1.52,0.98,0.14,0,0,-0.2
7467692,12334,2024/2025,27,incomplete,984,Debrecen,3766,Újpest,0,0,0,1509.42,1609.56,0,34,38,0.0000,0.0000,0.0000,0,7.00,7.00,0.80,1.60,1.6,0.8,0.88,1.56,0.98,1.52,0,0.14,-0.2,0
7467693,12334,2024/2025,27,incomplete,3771,Diósgyőr,3776,Kecskeméti TE,1,0,0,1637.27,1482.57,0,40,20,0.0000,0.0000,0.0000,0,7.00,7.00,1.60,0.00,0,1.6,1.67,0.56,1.21,1.18,0.07999999999999999,0,0,-0.22000000000000003
7467693,12334,2024/2025,27,incomplete,3776,Kecskeméti TE,3771,Diósgyőr,0,0,0,1482.57,1637.27,0,20,40,0.0000,0.0000,0.0000,0,7.00,7.00,0.00,1.60,1.6,0,0.56,1.67,1.18,1.21,0,0.07999999999999999,-0.22000000000000003,0
7467694,12334,2024/2025,27,incomplete,3767,MTK,3772,Paksi SE,1,0,0,1637.40,1583.06,0,23,55,0.0000,0.0000,0.0000,0,7.00,7.00,2.00,1.00,1,2,1.88,2,1.64,1.45,0.03999999999999998,0,0,-0.2
7467694,12334,2024/2025,27,incomplete,3772,Paksi SE,3767,MTK,0,0,0,1583.06,1637.40,0,55,23,0.0000,0.0000,0.0000,0,7.00,7.00,1.00,2.00,2,1,2,1.88,1.45,1.64,0,0.03999999999999998,-0.2,0
7467695,12334,2024/2025,27,incomplete,993,Győri ETO,3773,Puskás,1,0,0,1578.30,1609.89,0,60,20,0.0000,0.0000,0.0000,0,7.00,7.00,1.50,1.00,1,1.5,1,2.25,1.77,1.24,0.06976744186046507,0,0,-0.12
7467695,12334,2024/2025,27,incomplete,3773,Puskás,993,Győri ETO,0,0,0,1609.89,1578.30,0,20,60,0.0000,0.0000,0.0000,0,7.00,7.00,1.00,1.50,1.5,1,2.25,1,1.24,1.77,0,0.06976744186046507,-0.12,0
7467696,12334,2024/2025,28,incomplete,3771,Diósgyőr,993,Győri ETO,1,0,0,1633.85,1479.02,0,44,11,0.0000,0.0000,0.0000,0,7.00,7.00,1.60,0.50,0.5,1.6,1.67,1,1.21,1.31,0.07999999999999999,0,0,-0.06078224101479912
7467696,12334,2024/2025,28,incomplete,993,Győri ETO,3771,Diósgyőr,0,0,0,1479.02,1633.85,0,11,44,0.0000,0.0000,0.0000,0,7.00,7.00,0.50,1.60,1.6,0.5,1,1.67,1.31,1.21,0,0.07999999999999999,-0.06078224101479912,0
7467697,12334,2024/2025,28,incomplete,3776,Kecskeméti TE,3766,Újpest,1,0,0,1585.99,1507.30,0,36,45,0.0000,0.0000,0.0000,0,7.00,7.00,1.00,1.50,1.5,1,0.56,1.56,1.54,1.08,0.22000000000000003,0,0,-0.12
7467697,12334,2024/2025,28,incomplete,3766,Újpest,3776,Kecskeméti TE,0,0,0,1507.30,1585.99,0,45,36,0.0000,0.0000,0.0000,0,7.00,7.00,1.50,1.00,1,1.5,1.56,0.56,1.08,1.54,0,0.22000000000000003,-0.12,0
7467698,12334,2024/2025,28,incomplete,984,Debrecen,3785,Zalaegerszegi TE,1,0,0,1611.69,1497.44,0,62,31,0.0000,0.0000,0.0000,0,7.00,7.00,1.00,0.25,0.25,1,0.88,0.88,1.57,1.34,0.22,0,0,-0.060000000000000026
7467698,12334,2024/2025,28,incomplete,3785,Zalaegerszegi TE,984,Debrecen,0,0,0,1497.44,1611.69,0,31,62,0.0000,0.0000,0.0000,0,7.00,7.00,0.25,1.00,1,0.25,0.88,0.88,1.34,1.57,0,0.22,-0.060000000000000026,0
7467699,12334,2024/2025,28,incomplete,119,Ferencváros,3780,Nyíregyháza Spartacus,1,0,0,1790.95,1465.11,0,75,0,0.0000,0.0000,0.0000,0,7.00,7.00,3.00,0.60,0.6,3,2.57,1.11,1.71,1.26,0.05999999999999994,0,0,-0.028325123152709353
7467699,12334,2024/2025,28,incomplete,3780,Nyíregyháza Spartacus,119,Ferencváros,0,0,0,1465.11,1790.95,0,0,75,0.0000,0.0000,0.0000,0,7.00,7.00,0.60,3.00,3,0.6,1.11,2.57,1.26,1.71,0,0.05999999999999994,-0.028325123152709353,0
7467700,12334,2024/2025,28,incomplete,962,Videoton,3767,MTK,1,0,0,1642.83,1536.16,0,71,21,0.0000,0.0000,0.0000,0,7.00,7.00,1.75,1.80,1.8,1.75,1,1.88,1.52,1.31,0.30000000000000004,0,0,-0.019999999999999962
7467700,12334,2024/2025,28,incomplete,3767,MTK,962,Videoton,0,0,0,1536.16,1642.83,0,21,71,0.0000,0.0000,0.0000,0,7.00,7.00,1.80,1.75,1.75,1.8,1.88,1,1.31,1.52,0,0.30000000000000004,-0.019999999999999962,0
7467701,12334,2024/2025,28,incomplete,3772,Paksi SE,3773,Puskás,1,0,0,1684.31,1609.16,0,48,41,0.0000,0.0000,0.0000,0,7.00,7.00,3.00,1.00,1,3,2,2.25,1.43,1.24,0.21999999999999997,0,0,-0.12
7467701,12334,2024/2025,28,incomplete,3773,Puskás,3772,Paksi SE,0,0,0,1609.16,1684.31,0,41,48,0.0000,0.0000,0.0000,0,7.00,7.00,1.00,3.00,3,1,2.25,2,1.24,1.43,0,0.21999999999999997,-0.12,0
7467702,12334,2024/2025,29,incomplete,3780,Nyíregyháza Spartacus,984,Debrecen,1,0,0,1571.46,1509.12,0,20,20,0.0000,0.0000,0.0000,0,7.00,7.00,1.75,0.80,0.8,1.75,1.11,0.88,1.41,0.98,0.03448275862068964,0,0,-0.19999999999999998
7467702,12334,2024/2025,29,incomplete,984,Debrecen,3780,Nyíregyháza Spartacus,0,0,0,1509.12,1571.46,0,20,20,0.0000,0.0000,0.0000,0,7.00,7.00,0.80,1.75,1.75,0.8,0.88,1.11,0.98,1.41,0,0.03448275862068964,-0.19999999999999998,0
7467703,12334,2024/2025,29,incomplete,3785,Zalaegerszegi TE,3776,Kecskeméti TE,1,0,0,1600.01,1484.20,0,29,57,0.0000,0.0000,0.0000,0,7.00,7.00,1.50,0.00,0,1.5,0.88,0.56,1.7,1.18,0.060000000000000026,0,0,-0.22000000000000003
7467703,12334,2024/2025,29,incomplete,3776,Kecskeméti TE,3785,Zalaegerszegi TE,0,0,0,1484.20,1600.01,0,57,29,0.0000,0.0000,0.0000,0,7.00,7.00,0.00,1.50,1.5,0,0.56,0.88,1.18,1.7,0,0.060000000000000026,-0.22000000000000003,0
7467704,12334,2024/2025,29,incomplete,3766,Újpest,3771,Diósgyőr,1,0,0,1609.09,1530.43,0,46,35,0.0000,0.0000,0.0000,0,7.00,7.00,1.60,1.75,1.75,1.6,1.56,1.67,1.52,1.17,0.13999999999999999,0,0,-0.07999999999999999
7467704,12334,2024/2025,29,incomplete,3771,Diósgyőr,3766,Újpest,0,0,0,1530.43,1609.09,0,35,46,0.0000,0.0000,0.0000,0,7.00,7.00,1.75,1.60,1.6,1.75,1.67,1.56,1.17,1.52,0,0.13999999999999999,-0.07999999999999999,0
7467705,12334,2024/2025,29,incomplete,3773,Puskás,962,Videoton,1,0,0,1710.88,1540.42,0,27,37,0.0000,0.0000,0.0000,0,7.00,7.00,3.00,0.40,0.4,3,2.25,1,1.57,1.19,0.12,0,0,-0.30000000000000004
7467705,12334,2024/2025,29,incomplete,962,Videoton,3773,Puskás,0,0,0,1540.42,1710.88,0,37,27,0.0000,0.0000,0.0000,0,7.00,7.00,0.40,3.00,3,0.4,1,2.25,1.19,1.57,0,0.12,-0.30000000000000004,0
7467706,12334,2024/2025,29,incomplete,3767,MTK,119,Ferencváros,1,0,0,1638.57,1684.60,0,22,52,0.0000,0.0000,0.0000,0,7.00,7.00,2.00,2.00,2,2,1.88,2.57,1.64,1.93,0.019999999999999962,0,0,-0.040000000000000036
7467706,12334,2024/2025,29,incomplete,119,Ferencváros,3767,MTK,0,0,0,1684.60,1638.57,0,52,22,0.0000,0.0000,0.0000,0,7.00,7.00,2.00,2.00,2,2,2.57,1.88,1.93,1.64,0,0.019999999999999962,-0.040000000000000036,0
7467707,12334,2024/2025,29,incomplete,993,Győri ETO,3772,Paksi SE,1,0,0,1582.44,1582.60,0,60,20,0.0000,0.0000,0.0000,0,7.00,7.00,1.50,1.00,1,1.5,1,2,1.77,1.45,0.06818181818181818,0,0,-0.21999999999999997
7467707,12334,2024/2025,29,incomplete,3772,Paksi SE,993,Győri ETO,0,0,0,1582.60,1582.44,0,20,60,0.0000,0.0000,0.0000,0,7.00,7.00,1.00,1.50,1.5,1,2,1,1.45,1.77,0,0.06818181818181818,-0.21999999999999997,0
7467708,12334,2024/2025,30,incomplete,3766,Újpest,993,Győri ETO,1,0,0,1607.30,1482.45,0,20,40,0.0000,0.0000,0.0000,0,7.00,7.00,1.60,0.50,0.5,1.6,1.56,1,1.52,1.31,0.13999999999999999,0,0,-0.05959595959595959
7467708,12334,2024/2025,30,incomplete,993,Győri ETO,3766,Újpest,0,0,0,1482.45,1607.30,0,40,20,0.0000,0.0000,0.0000,0,7.00,7.00,0.50,1.60,1.6,0.5,1,1.56,1.31,1.52,0,0.13999999999999999,-0.05959595959595959,0
7467709,12334,2024/2025,30,incomplete,3771,Diósgyőr,3785,Zalaegerszegi TE,1,0,0,1632.23,1497.40,0,45,45,0.0000,0.0000,0.0000,0,7.00,7.00,1.60,0.25,0.25,1.6,1.67,0.88,1.21,1.34,0.07999999999999999,0,0,-0.04000000000000001
7467709,12334,2024/2025,30,incomplete,3785,Zalaegerszegi TE,3771,Diósgyőr,0,0,0,1497.40,1632.23,0,45,45,0.0000,0.0000,0.0000,0,7.00,7.00,0.25,1.60,1.6,0.25,0.88,1.67,1.34,1.21,0,0.07999999999999999,-0.04000000000000001,0
7467710,12334,2024/2025,30,incomplete,3776,Kecskeméti TE,3780,Nyíregyháza Spartacus,1,0,0,1586.80,1470.04,0,17,33,0.0000,0.0000,0.0000,0,7.00,7.00,1.00,0.60,0.6,1,0.56,1.11,1.54,1.26,0.22000000000000003,0,0,-0.027586206896551724
7467710,12334,2024/2025,30,incomplete,3780,Nyíregyháza Spartacus,3776,Kecskeméti TE,0,0,0,1470.04,1586.80,0,33,17,0.0000,0.0000,0.0000,0,7.00,7.00,0.60,1.00,1,0.6,1.11,0.56,1.26,1.54,0,0.22000000000000003,-0.027586206896551724,0
7467711,12334,2024/2025,30,incomplete,984,Debrecen,3767,MTK,1,0,0,1610.54,1539.62,0,33,43,0.0000,0.0000,0.0000,0,7.00,7.00,1.00,1.80,1.8,1,0.88,1.88,1.57,1.31,0.19999999999999998,0,0,-0.019999999999999962
7467711,12334,2024/2025,30,incomplete,3767,MTK,984,Debrecen,0,0,0,1539.62,1610.54,0,43,33,0.0000,0.0000,0.0000,0,7.00,7.00,1.80,1.00,1,1.8,1.88,0.88,1.31,1.57,0,0.19999999999999998,-0.019999999999999962,0
7467712,12334,2024/2025,30,incomplete,119,Ferencváros,3773,Puskás,1,0,0,1783.54,1607.14,0,40,20,0.0000,0.0000,0.0000,0,7.00,7.00,3.00,1.00,1,3,2.57,2.25,1.71,1.24,0.06000000000000005,0,0,-0.09999999999999998
7467712,12334,2024/2025,30,incomplete,3773,Puskás,119,Ferencváros,0,0,0,1607.14,1783.54,0,20,40,0.0000,0.0000,0.0000,0,7.00,7.00,1.00,3.00,3,1,2.25,2.57,1.24,1.71,0,0.06000000000000005,-0.09999999999999998,0
7467713,12334,2024/2025,30,incomplete,962,Videoton,3772,Paksi SE,1,0,0,1644.16,1582.59,0,38,31,0.0000,0.0000,0.0000,0,7.00,7.00,1.75,1.00,1,1.75,1,2,1.52,1.45,0.32,0,0,-0.21999999999999997
7467713,12334,2024/2025,30,incomplete,3772,Paksi SE,962,Videoton,0,0,0,1582.59,1644.16,0,31,38,0.0000,0.0000,0.0000,0,7.00,7.00,1.00,1.75,1.75,1,2,1,1.45,1.52,0,0.32,-0.21999999999999997,0
7467714,12334,2024/2025,31,incomplete,3780,Nyíregyháza Spartacus,3771,Diósgyőr,1,0,0,1572.66,1529.22,0,14,71,0.0000,0.0000,0.0000,0,7.00,7.00,1.75,1.75,1.75,1.75,1.11,1.67,1.41,1.17,0.033333333333333354,0,0,-0.07999999999999999
7467714,12334,2024/2025,31,incomplete,3771,Diósgyőr,3780,Nyíregyháza Spartacus,0,0,0,1529.22,1572.66,0,71,14,0.0000,0.0000,0.0000,0,7.00,7.00,1.75,1.75,1.75,1.75,1.67,1.11,1.17,1.41,0,0.033333333333333354,-0.07999999999999999,0
7467715,12334,2024/2025,31,incomplete,3785,Zalaegerszegi TE,3766,Újpest,1,0,0,1600.41,1504.50,0,31,44,0.0000,0.0000,0.0000,0,7.00,7.00,1.50,1.50,1.5,1.5,0.88,1.56,1.7,1.08,0.04000000000000001,0,0,-0.13999999999999999
7467715,12334,2024/2025,31,incomplete,3766,Újpest,3785,Zalaegerszegi TE,0,0,0,1504.50,1600.41,0,44,31,0.0000,0.0000,0.0000,0,7.00,7.00,1.50,1.50,1.5,1.5,1.56,0.88,1.08,1.7,0,0.04000000000000001,-0.13999999999999999,0
7467716,12334,2024/2025,31,incomplete,3772,Paksi SE,119,Ferencváros,1,0,0,1684.00,1679.69,0,21,59,0.0000,0.0000,0.0000,0,7.00,7.00,3.00,2.00,2,3,2,2.57,1.43,1.93,0.21999999999999997,0,0,-0.040000000000000036
7467716,12334,2024/2025,31,incomplete,119,Ferencváros,3772,Paksi SE,0,0,0,1679.69,1684.00,0,59,21,0.0000,0.0000,0.0000,0,7.00,7.00,2.00,3.00,3,2,2.57,2,1.93,1.43,0,0.21999999999999997,-0.040000000000000036,0
7467717,12334,2024/2025,31,incomplete,3773,Puskás,984,Debrecen,1,0,0,1710.99,1508.92,0,30,37,0.0000,0.0000,0.0000,0,7.00,7.00,3.00,0.80,0.8,3,2.25,0.88,1.57,0.98,0.09999999999999998,0,0,-0.19999999999999998
7467717,12334,2024/2025,31,incomplete,984,Debrecen,3773,Puskás,0,0,0,1508.92,1710.99,0,37,30,0.0000,0.0000,0.0000,0,7.00,7.00,0.80,3.00,3,0.8,0.88,2.25,0.98,1.57,0,0.09999999999999998,-0.19999999999999998,0
7467718,12334,2024/2025,31,incomplete,3767,MTK,3776,Kecskeméti TE,1,0,0,1641.24,1484.18,0,50,13,0.0000,0.0000,0.0000,0,7.00,7.00,2.00,0.00,0,2,1.88,0.56,1.64,1.18,0.019999999999999962,0,0,-0.22000000000000003
7467718,12334,2024/2025,31,incomplete,3776,Kecskeméti TE,3767,MTK,0,0,0,1484.18,1641.24,0,13,50,0.0000,0.0000,0.0000,0,7.00,7.00,0.00,2.00,2,0,0.56,1.88,1.18,1.64,0,0.019999999999999962,-0.22000000000000003,0
7467719,12334,2024/2025,31,incomplete,993,Győri ETO,962,Videoton,1,0,0,1585.25,1542.75,0,50,17,0.0000,0.0000,0.0000,0,7.00,7.00,1.50,0.40,0.4,1.5,1,1,1.77,1.19,0.06666666666666665,0,0,-0.3
7467719,12334,2024/2025,31,incomplete,962,Videoton,993,Győri ETO,0,0,0,1542.75,1585.25,0,17,50,0.0000,0.0000,0.0000,0,7.00,7.00,0.40,1.50,1.5,0.4,1,1,1.19,1.77,0,0.06666666666666665,-0.3,0
7467720,12334,2024/2025,32,incomplete,3785,Zalaegerszegi TE,993,Győri ETO,1,0,0,1598.24,1484.27,0,25,25,0.0000,0.0000,0.0000,0,7.00,7.00,1.50,0.50,0.5,1.5,0.88,1,1.7,1.31,0.04000000000000001,0,0,-0.05845410628019321
7467720,12334,2024/2025,32,incomplete,993,Győri ETO,3785,Zalaegerszegi TE,0,0,0,1484.27,1598.24,0,25,25,0.0000,0.0000,0.0000,0,7.00,7.00,0.50,1.50,1.5,0.5,1,0.88,1.31,1.7,0,0.04000000000000001,-0.05845410628019321,0
7467721,12334,2024/2025,32,incomplete,3766,Újpest,3780,Nyíregyháza Spartacus,1,0,0,1606.67,1471.66,0,100,0,0.0000,0.0000,0.0000,0,7.00,7.00,1.60,0.60,0.6,1.6,1.56,1.11,1.52,1.26,0.15999999999999998,0,0,-0.02688172043010753
7467721,12334,2024/2025,32,incomplete,3780,Nyíregyháza Spartacus,3766,Újpest,0,0,0,1471.66,1606.67,0,0,100,0.0000,0.0000,0.0000,0,7.00,7.00,0.60,1.60,1.6,0.6,1.11,1.56,1.26,1.52,0,0.15999999999999998,-0.02688172043010753,0
7467722,12334,2024/2025,32,incomplete,3771,Diósgyőr,3767,MTK,1,0,0,1630.21,1537.78,0,18,41,0.0000,0.0000,0.0000,0,7.00,7.00,1.60,1.80,1.8,1.6,1.67,1.88,1.21,1.31,0.07999999999999999,0,0,-0.019999999999999962
7467722,12334,2024/2025,32,incomplete,3767,MTK,3771,Diósgyőr,0,0,0,1537.78,1630.21,0,41,18,0.0000,0.0000,0.0000,0,7.00,7.00,1.80,1.60,1.6,1.8,1.88,1.67,1.31,1.21,0,0.07999999999999999,-0.019999999999999962,0
7467723,12334,2024/2025,32,incomplete,3776,Kecskeméti TE,3773,Puskás,1,0,0,1587.64,1606.65,0,30,40,0.0000,0.0000,0.0000,0,7.00,7.00,1.00,1.00,1,1,0.56,2.25,1.54,1.24,0.22000000000000003,0,0,-0.09999999999999998
7467723,12334,2024/2025,32,incomplete,3773,Puskás,3776,Kecskeméti TE,0,0,0,1606.65,1587.64,0,40,30,0.0000,0.0000,0.0000,0,7.00,7.00,1.00,1.00,1,1,2.25,0.56,1.24,1.54,0,0.22000000000000003,-0.09999999999999998,0
7467724,12334,2024/2025,32,incomplete,984,Debrecen,3772,Paksi SE,1,0,0,1613.27,1583.90,0,39,21,0.0000,0.0000,0.0000,0,7.00,7.00,1.00,1.00,1,1,0.88,2,1.57,1.45,0.19999999999999998,0,0,-0.21999999999999997
7467724,12334,2024/2025,32,incomplete,3772,Paksi SE,984,Debrecen,0,0,0,1583.90,1613.27,0,21,39,0.0000,0.0000,0.0000,0,7.00,7.00,1.00,1.00,1,1,2,0.88,1.45,1.57,0,0.19999999999999998,-0.21999999999999997,0
7467725,12334,2024/2025,32,incomplete,119,Ferencváros,962,Videoton,1,0,0,1779.79,1543.73,0,50,25,0.0000,0.0000,0.0000,0,7.00,7.00,3.00,0.40,0.4,3,2.57,1,1.71,1.19,0.06000000000000005,0,0,-0.3
7467725,12334,2024/2025,32,incomplete,962,Videoton,119,Ferencváros,0,0,0,1543.73,1779.79,0,25,50,0.0000,0.0000,0.0000,0,7.00,7.00,0.40,3.00,3,0.4,1,2.57,1.19,1.71,0,0.06000000000000005,-0.3,0
7467726,12334,2024/2025,33,incomplete,3780,Nyíregyháza Spartacus,3785,Zalaegerszegi TE,1,0,0,1574.68,1495.67,0,38,38,0.0000,0.0000,0.0000,0,7.00,7.00,1.75,0.25,0.25,1.75,1.11,0.88,1.41,1.34,0.03225806451612903,0,0,-0.04000000000000001
7467726,12334,2024/2025,33,incomplete,3785,Zalaegerszegi TE,3780,Nyíregyháza Spartacus,0,0,0,1495.67,1574.68,0,38,38,0.0000,0.0000,0.0000,0,7.00,7.00,0.25,1.75,1.75,0.25,0.88,1.11,1.34,1.41,0,0.03225806451612903,-0.04000000000000001,0
7467727,12334,2024/2025,33,incomplete,962,Videoton,984,Debrecen,1,0,0,1648.68,1512.59,0,57,29,0.0000,0.0000,0.0000,0,7.00,7.00,1.75,0.80,0.8,1.75,1,0.88,1.52,0.98,0.3,0,0,-0.19999999999999998
7467727,12334,2024/2025,33,incomplete,984,Debrecen,962,Videoton,0,0,0,1512.59,1648.68,0,29,57,0.0000,0.0000,0.0000,0,7.00,7.00,0.80,1.75,1.75,0.8,0.88,1,0.98,1.52,0,0.3,-0.19999999999999998,0
7467728,12334,2024/2025,33,incomplete,3772,Paksi SE,3776,Kecskeméti TE,1,0,0,1684.58,1488.08,0,30,30,0.0000,0.0000,0.0000,0,7.00,7.00,3.00,0.00,0,3,2,0.56,1.43,1.18,0.21999999999999997,0,0,-0.22000000000000003
7467728,12334,2024/2025,33,incomplete,3776,Kecskeméti TE,3772,Paksi SE,0,0,0,1488.08,1684.58,0,30,30,0.0000,0.0000,0.0000,0,7.00,7.00,0.00,3.00,3,0,0.56,2,1.18,1.43,0,0.21999999999999997,-0.22000000000000003,0
7467729,12334,2024/2025,33,incomplete,3773,Puskás,3771,Diósgyőr,1,0,0,1706.21,1528.12,0,41,32,0.0000,0.0000,0.0000,0,7.00,7.00,3.00,1.75,1.75,3,2.25,1.67,1.57,1.17,0.09999999999999998,0,0,-0.060000000000000026
7467729,12334,2024/2025,33,incomplete,3771,Diósgyőr,3773,Puskás,0,0,0,1528.12,1706.21,0,32,41,0.0000,0.0000,0.0000,0,7.00,7.00,1.75,3.00,3,1.75,1.67,2.25,1.17,1.57,0,0.09999999999999998,-0.060000000000000026,0
7467730,12334,2024/2025,33,incomplete,3767,MTK,3766,Újpest,1,0,0,1639.87,1503.66,0,55,23,0.0000,0.0000,0.0000,0,7.00,7.00,2.00,1.50,1.5,2,1.88,1.56,1.64,1.08,0.03999999999999998,0,0,-0.15999999999999998
7467730,12334,2024/2025,33,incomplete,3766,Újpest,3767,MTK,0,0,0,1503.66,1639.87,0,23,55,0.0000,0.0000,0.0000,0,7.00,7.00,1.50,2.00,2,1.5,1.56,1.88,1.08,1.64,0,0.03999999999999998,-0.15999999999999998,0
7467731,12334,2024/2025,33,incomplete,993,Győri ETO,119,Ferencváros,1,0,0,1586.84,1674.83,0,0,80,0.0000,0.0000,0.0000,0,7.00,7.00,1.50,2.00,2,1.5,1,2.57,1.77,1.93,0.06521739130434778,0,0,-0.040000000000000036
7467731,12334,2024/2025,33,incomplete,119,Ferencváros,993,Győri ETO,0,0,0,1674.83,1586.84,0,80,0,0.0000,0.0000,0.0000,0,7.00,7.00,2.00,1.50,1.5,2,2.57,1,1.93,1.77,0,0.06521739130434778,-0.040000000000000036,0
